{
  "epochs": [
    1,
    2,
    3,
    4,
    5,
    6,
    7,
    8,
    9,
    10,
    11,
    12,
    13,
    14,
    15,
    16,
    17,
    18,
    19,
    20,
    21,
    22,
    23,
    24,
    25,
    26,
    27,
    28,
    29,
    30,
    31,
    32,
    33,
    34,
    35,
    36,
    37,
    38,
    39,
    40,
    41,
    42,
    43,
    44,
    45,
    46,
    47,
    48,
    49,
    50
  ],
  "d_loss": [
    -34.96334088683888,
    -88.582327136062,
    -250.11702663478326,
    -554.6001952347482,
    -876.9256558104432,
    -1223.4442309725816,
    -1432.7654013988065,
    -1959.668368912553,
    -2086.0918112590816,
    -2528.4303007024614,
    -3049.434893241607,
    -3424.6519674313295,
    -3341.864832268652,
    -3100.5371067832734,
    -2982.329719559655,
    -1792.6387156751757,
    -2884.1316058569905,
    -3312.4490390137757,
    -2394.5475897981355,
    -3359.6425080026033,
    -51.047065427095774,
    -2858.5889599713046,
    -4898.813939704004,
    -6270.630944901971,
    -7120.505189672904,
    -8061.298654997678,
    -8922.811027899415,
    -9820.323055583201,
    -10743.674754926353,
    -11701.505137838376,
    -12694.515143975585,
    -13674.680469164676,
    -14100.863313387406,
    -14549.524646281183,
    -15331.46720740446,
    -13132.139652584263,
    -9700.57785390542,
    -14940.04591709793,
    -16094.328291907179,
    -18907.668601131238,
    -20347.911476993762,
    -21173.962162868233,
    -22596.282239002787,
    -24202.885541069532,
    -25650.002326333597,
    -27090.490445859872,
    -28569.598473162154,
    -30081.263037420384,
    -31623.050677580944,
    -33195.061981654726
  ],
  "g_loss": [
    7.2663026040621626,
    2.2342315702966062,
    64.15666622720707,
    245.95714253225145,
    400.0921366503284,
    578.5720506412968,
    731.998888538142,
    940.478533896671,
    1121.632649998756,
    1327.7929011059414,
    1504.0171209444666,
    1695.10411198124,
    1847.2588046128583,
    1932.4757453286725,
    2009.6590801652071,
    2051.251223035679,
    2080.3760076632166,
    2146.96214887291,
    2222.792390276672,
    2344.1793982633358,
    2411.061151783937,
    2455.5764626666996,
    2560.673447141222,
    2754.5608594372015,
    3048.954219745223,
    3415.921557772691,
    3830.3492937027268,
    4270.3031433494225,
    4730.604290032842,
    5209.847880175159,
    5708.78649047074,
    6222.438373930136,
    6632.163359623806,
    6940.1142204916405,
    7246.089865520502,
    7549.864382215366,
    7721.138920680733,
    7938.7784633757965,
    8175.1704257066085,
    8518.290760599124,
    9096.024252338773,
    9533.45271447054,
    10016.810795680733,
    10650.559333947054,
    11345.864817625397,
    12060.041028065287,
    12795.694541202229,
    13551.032618431529,
    14326.44910678742,
    15119.276074840764
  ],
  "fid": [
    467.3801795320926,
    455.81589153580705,
    376.1293745479404,
    384.3781130902042,
    432.160477756609
  ],
  "is_mean": [
    1.3788989782333374,
    1.4943203926086426,
    1.7601661682128906,
    1.4080498218536377,
    1.718907117843628
  ]
}