{
  "fid": 384.3781130902042,
  "is_mean": 1.4080498218536377,
  "is_std": 0.0290535856038332,
  "precision": 0.0,
  "recall": 0.0,
  "epoch": 40
}