{
  "fid": -2.3945242826029513e+54,
  "is_mean": 1.784314513206482,
  "is_std": 0.11336394399404526,
  "precision": 0.0,
  "recall": 0.0,
  "epoch": 10
}