{
  "fid": 467.3801795320926,
  "is_mean": 1.3788989782333374,
  "is_std": 0.029658520594239235,
  "precision": 0.0,
  "recall": 0.0,
  "epoch": 10
}