{
  "fid": 432.160477756609,
  "is_mean": 1.718907117843628,
  "is_std": 0.05533535033464432,
  "precision": 0.0,
  "recall": 0.0,
  "epoch": 50
}