{
  "fid": 455.81589153580705,
  "is_mean": 1.4943203926086426,
  "is_std": 0.02057083696126938,
  "precision": 0.0,
  "recall": 0.0,
  "epoch": 20
}