{
  "fid": 376.1293745479404,
  "is_mean": 1.7601661682128906,
  "is_std": 0.0406605564057827,
  "precision": 0.0,
  "recall": 0.0,
  "epoch": 30
}