{
  "d_loss": [
    -14.053742519356389,
    -15.356863282035617,
    -12.289370874437305,
    -10.762228422357271,
    -9.61998126739656,
    -8.865687822840016,
    -8.125709490664699,
    -5.9199979464086505,
    -3.9421359832436162,
    -4.524503355636212,
    -3.7542755554594307,
    -4.664210462139923,
    -3.4786554872989655,
    -4.435366913707899,
    -5.485648156730992,
    -4.776488460363097,
    -3.901185807876779,
    -5.837935892038538,
    -3.9263310744377713,
    -5.417706755031446,
    -5.906468058404396,
    -7.456236039662057,
    -4.997354824641707,
    -4.005852840951547,
    -7.950399866339508,
    -10.263215496092085,
    -4.255278354617441,
    -8.662464524245566,
    -10.794121338651692,
    -9.495911984496816,
    -4.851205968806192,
    -11.497087980468308,
    -12.082687115925513,
    -11.123842606024377,
    -12.978973992690918,
    -15.672107839470456,
    -18.395618041799327,
    -14.668614257293143,
    -11.886401183033191,
    -12.940505780991476,
    -13.876369243341394,
    -14.830886980530563,
    -17.71250403363993,
    -12.00598525285974,
    -23.2695253315182,
    -26.00819585986451,
    -20.44766117774757,
    -14.017952365322225,
    -23.807139068462288,
    -15.209385239647705
  ],
  "g_loss": [
    4.765586795795495,
    0.7981554461512596,
    0.2579852889297874,
    0.3410672082263193,
    2.032543613652515,
    2.579047912624991,
    2.34087894714562,
    -1.2305959949068204,
    1.7719722492679668,
    7.564764646967506,
    1.278390787209675,
    3.229654472345,
    9.048079626575397,
    10.545091650288576,
    2.980578976831618,
    10.99090983457626,
    23.785679829348425,
    16.103103490392115,
    12.502040699029424,
    16.08193582789913,
    4.046353478340587,
    1.1667651841594915,
    7.197245128595146,
    13.300919923053426,
    19.413855804759226,
    14.403209923179286,
    31.759306321478192,
    49.393189281415026,
    33.26452942866429,
    32.1525500139613,
    17.31753532142396,
    25.48918268179438,
    55.097593784332275,
    45.145782197356986,
    31.079480456698473,
    43.27141159810838,
    25.67276237876552,
    3.8084069361352615,
    28.60547346977671,
    29.645327349377286,
    25.19312672098731,
    3.5405542531590553,
    47.08081942758742,
    54.24849415432875,
    49.29355214355858,
    54.383856828045694,
    7.383403996753085,
    21.166922326300554,
    26.28230084583258,
    26.45707439009551
  ],
  "gp": [
    0.24546993787216534,
    0.3253533943949738,
    0.22649285573741687,
    0.19295278813239117,
    0.16931860576010055,
    0.15703114557164996,
    0.12232246381208901,
    0.06625495505798015,
    0.03868306472683978,
    0.02582720745426075,
    0.018818109541451224,
    0.01835420245162336,
    0.018069788419113608,
    0.015583238444803183,
    0.017522207711429795,
    0.018269543719899122,
    0.01480470333374926,
    0.016259878442767068,
    0.01616289244367565,
    0.016348446237868502,
    0.015414175113777762,
    0.015684496006293663,
    0.01635206777764575,
    0.016494038655183372,
    0.017084230297104694,
    0.019904104466777445,
    0.014850059193470011,
    0.01739693945669223,
    0.01922228662771689,
    0.020284023801272144,
    0.016172057374592104,
    0.017378983521861697,
    0.01630550395547078,
    0.019579700197265217,
    0.01544554929808573,
    0.017676978505507205,
    0.025029327102982283,
    0.027016586137662647,
    0.01967773893096676,
    0.017552165430228993,
    0.02032376945339096,
    0.020683663911057634,
    0.020712022359172504,
    0.01896010020020123,
    0.015646415835764503,
    0.0205489973460508,
    0.021294858459889446,
    0.020137179495604618,
    0.024922197554141854,
    0.017926275401896227
  ],
  "fid": [
    [
      10,
      242.82896802621718
    ],
    [
      20,
      207.02335553858123
    ],
    [
      30,
      188.01916865962534
    ],
    [
      40,
      203.2724375429609
    ],
    [
      50,
      173.71818462118063
    ]
  ],
  "epoch_time": [
    172.62528228759766,
    172.7516267299652,
    172.2811393737793,
    177.39494228363037,
    172.41159081459045,
    172.96550464630127,
    173.5131344795227,
    174.19800972938538,
    172.98921179771423,
    176.6146833896637,
    179.7361569404602,
    176.6722650527954,
    183.07862997055054,
    178.17579674720764,
    175.22464728355408,
    171.82313418388367,
    174.85762333869934,
    171.21111011505127,
    170.44379305839539,
    169.69550228118896,
    172.05827474594116,
    174.70524168014526,
    170.17254972457886,
    171.8061125278473,
    172.18045258522034,
    173.54264903068542,
    173.88504099845886,
    171.98801803588867,
    174.75344157218933,
    173.4774842262268,
    174.159432888031,
    175.38747310638428,
    174.52619647979736,
    172.7750599384308,
    171.88161182403564,
    173.18865323066711,
    179.94903302192688,
    179.9199140071869,
    181.35877084732056,
    172.79952216148376,
    173.08245301246643,
    172.41528463363647,
    174.4004030227661,
    174.5976369380951,
    175.29922223091125,
    173.07594299316406,
    180.6238977909088,
    171.30074524879456,
    176.00434947013855,
    172.1202507019043
  ]
}