{
  "fid": 203.2724375429609,
  "is_mean": 1.9032058715820312,
  "is_std": 0.22802218794822693,
  "precision": 0.229,
  "recall": 0.0,
  "epoch": 40
}