{
  "fid": 207.02335553858123,
  "is_mean": 1.6993017196655273,
  "is_std": 0.1376359611749649,
  "precision": 0.091,
  "recall": 0.0,
  "epoch": 20
}