{
  "fid": 188.01916865962534,
  "is_mean": 1.8571422100067139,
  "is_std": 0.22535961866378784,
  "precision": 0.2,
  "recall": 0.0,
  "epoch": 30
}