{
  "fid": 242.82896802621718,
  "is_mean": 1.4608290195465088,
  "is_std": 0.13086673617362976,
  "precision": 0.076,
  "recall": 0.0,
  "epoch": 10
}