{
  "fid": 173.71818462118063,
  "is_mean": 1.9108178615570068,
  "is_std": 0.1164550706744194,
  "precision": 0.215,
  "recall": 0.0,
  "epoch": 50
}