{
  "epochs": [
    1,
    2,
    3,
    4,
    5,
    6,
    7,
    8,
    9,
    10,
    11,
    12,
    13,
    14,
    15,
    16,
    17,
    18,
    19,
    20,
    21,
    22,
    23,
    24,
    25,
    26,
    27,
    28,
    29,
    30,
    31,
    32,
    33,
    34,
    35,
    36,
    37,
    38,
    39,
    40,
    41,
    42,
    43,
    44,
    45,
    46,
    47,
    48,
    49,
    50
  ],
  "d_loss": [
    -31.247192020122665,
    -4.7092625892339495,
    -11.139918809230666,
    -17.269445819206805,
    -26.008661434149285,
    -55.60966423666401,
    -111.99012059011277,
    -174.138600683516,
    -234.03324177411963,
    -304.5111311084399,
    -139.58601966177582,
    -71.35254558231168,
    -105.2464916285942,
    -141.37126822582982,
    -170.96723591344877,
    -205.0036638587903,
    -236.20185234086023,
    -252.04850227210173,
    -427.420525212703,
    -321.0305269488357,
    -378.1846885438178,
    -396.83155145665387,
    -455.48303883546475,
    -488.0169673198854,
    -526.156713805634,
    -554.9370534131482,
    -593.9956830585585,
    -620.7954210415008,
    -661.8961571857428,
    -713.3483413080754,
    -753.9457142175889,
    -794.7356562523325,
    -846.9215126118589,
    -872.1533347937711,
    -894.7294338736565,
    -968.5103647673459,
    -1001.085565392885,
    -1059.8250134704979,
    -1104.6920716109548,
    -1200.5227784239817,
    -1256.841707525233,
    -1282.8843483570529,
    -1344.1794977856289,
    -1421.677388703494,
    -1488.687967547439,
    -1565.6790750750563,
    -1632.869176779583,
    -1761.0405339526524,
    -1781.005542925209,
    -1802.7355775610404
  ],
  "g_loss": [
    10.094640624750951,
    0.5882444779394539,
    -0.7708340362900761,
    -3.0792007601469944,
    -3.3697616695218784,
    -3.266149207664903,
    -2.300822709776034,
    -1.0264460849723998,
    1.9366715212061907,
    8.240194543911393,
    9.106630435035488,
    -5.409137501838101,
    -14.38322914671746,
    -14.519327480132413,
    -16.89412914909375,
    -15.366438105987136,
    -15.308745752853952,
    -11.324123000643056,
    -0.7785154432058334,
    -21.318311042087092,
    -8.66349692860986,
    -14.796847050357016,
    -9.251175462060674,
    -9.323488504264006,
    -8.688325560016997,
    -1.541949832515352,
    7.789972302260672,
    7.775161074984605,
    15.51333681337393,
    27.93885374221073,
    42.480050472696874,
    34.996606646070056,
    54.686959549120274,
    70.75690270685087,
    69.69960558945965,
    93.68236747365088,
    116.4315635353137,
    117.8589499968632,
    141.5808190934977,
    152.1286161872232,
    181.6949726760767,
    197.18309092673528,
    229.93549004329998,
    240.00082247424277,
    252.3684608435175,
    277.685153256556,
    296.7177965200631,
    336.5898763571575,
    357.38305428377384,
    399.0406087097848
  ],
  "fid": [
    240.28501476500585,
    190.46000587677997,
    176.3046303753506,
    164.7509703175148,
    163.5894563967413
  ],
  "is_mean": [
    1.512331247329712,
    1.6493393182754517,
    1.6436716318130493,
    1.6071281433105469,
    1.7046254873275757
  ]
}