{
  "fid": 240.28501476500585,
  "is_mean": 1.512331247329712,
  "is_std": 0.09818892925977707,
  "precision": 0.0,
  "recall": 0.0,
  "epoch": 10
}