{
  "fid": 163.5894563967413,
  "is_mean": 1.7046254873275757,
  "is_std": 0.09595301002264023,
  "precision": 0.0,
  "recall": 0.0,
  "epoch": 50
}