{
  "fid": 164.7509703175148,
  "is_mean": 1.6071281433105469,
  "is_std": 0.08945055305957794,
  "precision": 0.0,
  "recall": 0.0,
  "epoch": 40
}