{
  "fid": 190.46000587677997,
  "is_mean": 1.6493393182754517,
  "is_std": 0.06443280726671219,
  "precision": 0.002,
  "recall": 0.0,
  "epoch": 20
}