{
  "fid": 176.3046303753506,
  "is_mean": 1.6436716318130493,
  "is_std": 0.07857124507427216,
  "precision": 0.0,
  "recall": 0.0,
  "epoch": 30
}