{
  "fid": 1.645504557321206e+63,
  "is_mean": 1.6863762140274048,
  "is_std": 0.030313991010189056,
  "precision": 0.0,
  "recall": 0.0,
  "epoch": 10
}