{
  "d_loss": [
    -14.483648896217346,
    -37.03472540113661,
    -31.942089222095632,
    -42.963157441880966,
    -41.12025635330765,
    -61.71741174768518,
    -73.10761388142903,
    -57.506936391194664,
    -68.4090325390851,
    -47.47774410247803,
    -79.44998112431279,
    -50.760259557653356,
    -88.75175038090458,
    -77.92065556844075,
    69.63904726946795,
    -69.35529977303965,
    -108.18067734329789,
    79.59096050262451,
    -65.81471506754558,
    -76.35487365722656,
    -88.1071075156883,
    -111.54175299185293,
    -132.22260680022063,
    -131.2028411582664,
    -158.1566478587963,
    -157.62256141945167,
    -148.0881059434679,
    -95.92605506049262,
    -129.8716699105722,
    -165.95774558738427,
    -197.48869267216435,
    -177.4555881641529,
    -184.67792539243345,
    -185.8218835901331,
    -217.81107584635416,
    -163.33831900137443,
    -202.80129807083696,
    -217.60598754882812,
    -208.1986942997685,
    -231.89261372884116,
    -187.53606499565973,
    -202.96196096914787,
    -240.97814828378182,
    -227.0326402452257,
    -247.28972371419272,
    -259.85940127902563,
    -186.5583021375868,
    -241.92451194480614,
    -303.69415113661023,
    -308.54882586443864
  ],
  "g_loss": [
    6.057576557000478,
    17.813717524210613,
    12.201610565185547,
    11.63681591881646,
    11.59250259399414,
    14.188648647732204,
    17.81996144188775,
    13.292645030551487,
    11.395674493577745,
    12.25343582365248,
    11.93475032514996,
    14.309744834899902,
    14.395301818847656,
    13.87923698955112,
    14.481100943353441,
    19.947486029730904,
    15.785483360290527,
    20.19929625590642,
    16.824508137173122,
    13.890266021092733,
    13.939836020270983,
    15.351058403650919,
    13.425694253709581,
    19.92268917295668,
    26.780669106377495,
    25.75215509202745,
    30.059886084662544,
    26.725971712006462,
    27.152671390109592,
    23.678907023535835,
    29.079859680599636,
    38.65370072258843,
    29.893640094333225,
    29.001982106102837,
    39.53898154364692,
    42.93437046474881,
    35.31972450680203,
    39.908501942952476,
    30.388313902748955,
    42.909790462917755,
    41.93937555948893,
    34.591850121816,
    39.81358867221408,
    39.118579122755264,
    38.67129900058111,
    30.16056882010566,
    27.905455589294434,
    31.865353690253365,
    48.83416207631429,
    54.131959703233505
  ],
  "fid": [
    [
      10,
      316.6139371775887
    ],
    [
      20,
      216.762617976493
    ],
    [
      30,
      256.8773161974365
    ],
    [
      40,
      340.48203692255487
    ],
    [
      50,
      348.9377212047558
    ]
  ],
  "epoch_time": [
    6.1820714473724365,
    1.9065744876861572,
    2.1148080825805664,
    2.1005797386169434,
    2.098475694656372,
    1.98736572265625,
    2.3087210655212402,
    1.8944904804229736,
    2.297621965408325,
    2.7901127338409424,
    2.498633623123169,
    2.69614577293396,
    1.9902703762054443,
    1.8094360828399658,
    2.090405225753784,
    2.91338849067688,
    2.590380907058716,
    3.0161514282226562,
    2.8965282440185547,
    2.908954381942749,
    2.217324733734131,
    1.9863343238830566,
    1.910628080368042,
    2.188910961151123,
    2.6980197429656982,
    2.712224245071411,
    2.6020777225494385,
    2.3025107383728027,
    2.9948554039001465,
    2.278407096862793,
    2.204929828643799,
    2.798591375350952,
    2.4045541286468506,
    2.7898221015930176,
    2.3154892921447754,
    1.98933744430542,
    2.6186413764953613,
    2.0841262340545654,
    2.9967451095581055,
    2.6895761489868164,
    2.0882086753845215,
    1.802091360092163,
    2.3907968997955322,
    1.8026924133300781,
    2.493577241897583,
    2.0163233280181885,
    1.8069407939910889,
    1.9776997566223145,
    1.724785327911377,
    1.888916015625
  ]
}