{
  "fid": 216.762617976493,
  "is_mean": 2.3748533725738525,
  "is_std": 0.12662817537784576,
  "precision": 0.0,
  "recall": 0.0,
  "epoch": 20
}