{
  "fid": 340.48203692255487,
  "is_mean": 1.7938534021377563,
  "is_std": 0.10709132254123688,
  "precision": 0.0,
  "recall": 0.0,
  "epoch": 40
}