{
  "fid": 256.8773161974365,
  "is_mean": 1.9732284545898438,
  "is_std": 0.13144707679748535,
  "precision": 0.0,
  "recall": 0.0,
  "epoch": 30
}