{
  "fid": 316.6139371775887,
  "is_mean": 1.715193748474121,
  "is_std": 0.09160734713077545,
  "precision": 0.0,
  "recall": 0.0,
  "epoch": 10
}