{
  "fid": 348.9377212047558,
  "is_mean": 1.8560060262680054,
  "is_std": 0.0816316306591034,
  "precision": 0.0,
  "recall": 0.0,
  "epoch": 50
}