{
  "d_loss": [
    -6.386182116808268,
    -4.64997446247797,
    -2.8030935607316123,
    -3.0039207987833123,
    -2.811010407276043,
    -2.956284526908448,
    -2.3524354315256772,
    -2.367985747220144,
    -3.151815582805545,
    -2.870340742956737,
    -2.729400069307426,
    -3.350835939751396,
    -3.9333392525964146,
    -2.490673095490862,
    -3.6584063761627874,
    -4.679997421769653,
    -5.62836411601632,
    -6.731498006526931,
    -5.478625452593912,
    -7.324731850045643,
    -10.06441077181307,
    -9.670856410063772,
    -8.824249838789305,
    -14.864588765529641,
    -6.667639668858001,
    -11.209889141819145,
    -15.819944930227496,
    -17.1384149872804,
    -16.698217725200493,
    -13.856753701713517,
    -26.2718326047,
    -32.88252116343643,
    -36.23278801300355,
    -4.37093774741712,
    -39.96440909985249,
    -51.696151826766474,
    -51.21034348664907,
    -57.03326549711107,
    -34.881725190058035,
    -35.988033155851724,
    -76.66870702268704,
    -25.303240003465095,
    -35.193198501812255,
    -70.13788170603257,
    -42.67105376519231,
    -52.31884018378922,
    -142.6534119477252,
    -89.02642129720012,
    -64.42989492969674,
    -109.32435390290328
  ],
  "g_loss": [
    1.9240789566236207,
    -1.5163309162930598,
    -2.774346350114557,
    -1.130636358562904,
    -0.9032437261901324,
    0.20150249555141111,
    -1.5706115123591846,
    0.7157835273803035,
    1.6199465552462806,
    -0.896136799945107,
    -1.4511191980748237,
    0.23748452150368993,
    4.227299406558653,
    1.6258354911321327,
    0.467780879781216,
    0.3191319538068168,
    10.879817757425428,
    0.7638891814630243,
    -1.3949205573601058,
    -6.965572858158546,
    -4.387070589427706,
    -7.056127961677841,
    41.10839044896862,
    1.937661267534087,
    5.474415525605407,
    5.37465106988255,
    13.169031825246691,
    17.42499202414404,
    -17.87251921545101,
    -36.29613348803943,
    -3.7760466442832463,
    -25.926249021216282,
    -43.69811347164685,
    74.64485047738764,
    35.42060802556291,
    19.208855979050263,
    -131.9577283497098,
    -131.31291376186323,
    78.31025913093663,
    47.29634761810303,
    -128.22894115689434,
    -134.98419447790218,
    183.66725460487075,
    323.61827548546125,
    172.20585852031465,
    69.304964536353,
    123.83826352372954,
    486.8036527030076,
    413.56631614588485,
    359.1890743835063
  ],
  "fid": [
    [
      10,
      145.76532894676106
    ],
    [
      20,
      129.0042866907436
    ],
    [
      30,
      162.35003037615763
    ],
    [
      40,
      225.9924098909281
    ],
    [
      50,
      296.7140003733749
    ]
  ],
  "epoch_time": [
    5.879546403884888,
    5.889331102371216,
    5.8415539264678955,
    6.086400032043457,
    6.276132583618164,
    5.9297192096710205,
    6.358693838119507,
    5.905214786529541,
    7.204614877700806,
    11.000156164169312,
    6.268390893936157,
    5.916928052902222,
    5.9785380363464355,
    6.0991621017456055,
    6.04897665977478,
    6.952929735183716,
    11.41502070426941,
    11.483120918273926,
    11.201184272766113,
    11.31912875175476,
    14.703787803649902,
    16.774621725082397,
    18.51684808731079,
    17.10396957397461,
    15.693116188049316,
    18.076507806777954,
    16.125937461853027,
    15.982178449630737,
    15.292306661605835,
    16.123306274414062,
    11.423218250274658,
    12.603508710861206,
    11.481868028640747,
    11.506041049957275,
    11.68473505973816,
    11.702246904373169,
    11.618401288986206,
    12.099442958831787,
    12.192012786865234,
    11.987033128738403,
    14.09095549583435,
    12.792998552322388,
    12.60788631439209,
    13.704671144485474,
    14.80466079711914,
    12.780376434326172,
    13.294927597045898,
    12.406417846679688,
    11.71106243133545,
    11.691339015960693
  ]
}