{
  "fid": 296.7140003733749,
  "is_mean": 1.5332204103469849,
  "is_std": 0.15031404793262482,
  "precision": 0.017,
  "recall": 0.0,
  "epoch": 50
}