{
  "fid": 225.9924098909281,
  "is_mean": 1.7622121572494507,
  "is_std": 0.10959455370903015,
  "precision": 0.214,
  "recall": 0.0,
  "epoch": 40
}