{
  "fid": 145.76532894676106,
  "is_mean": 2.402141809463501,
  "is_std": 0.20200085639953613,
  "precision": 0.156,
  "recall": 0.01,
  "epoch": 10
}