{
  "fid": 162.35003037615763,
  "is_mean": 2.021892786026001,
  "is_std": 0.13087886571884155,
  "precision": 0.196,
  "recall": 0.003,
  "epoch": 30
}