{
  "fid": 129.0042866907436,
  "is_mean": 2.3504443168640137,
  "is_std": 0.1949840933084488,
  "precision": 0.124,
  "recall": 0.012,
  "epoch": 20
}