{
  "d_loss": [
    -14.823511962537411,
    -24.9013005539223,
    -20.430069737964207,
    -27.5379256495723,
    -32.42543445361985,
    -36.387959215376114,
    -33.77634062700801,
    -48.70213853871381,
    -46.981786480656375,
    -53.168860347182665,
    -60.44177162647247,
    -59.395517498254776,
    -79.31182808566976,
    -76.51007116503186,
    -99.71656532971947,
    -85.59410824047194,
    -76.7523005494365,
    -86.77547747448638,
    -112.89837781367478,
    -121.103756180516,
    -123.95239599325039,
    -141.45497942853856,
    -118.49776299132242,
    -141.55635053195334,
    -131.20046428618608,
    -160.9110001458062,
    -142.32964621649847,
    -140.25212486584982,
    -150.03177170952162,
    -179.27394422502428,
    -220.75143227753816,
    -212.47389524954338,
    -164.017233222723,
    -204.32702619278874,
    -185.06346484908352,
    -223.07762824164496,
    -171.72785801964778,
    -191.16825043713604,
    -240.9515591810147,
    -247.87194072951874,
    -251.3883007146694,
    -301.29178449842664,
    -240.59546128246518,
    -266.52678760775814,
    -298.799650033315,
    -244.90367504402442,
    -297.9819788005617,
    -286.37592968455067,
    -333.8395446229864,
    -314.1530588997735
  ],
  "g_loss": [
    6.090430594152874,
    9.207300941149393,
    4.139154457383686,
    4.823158860206604,
    0.5974068840344747,
    3.6555235518349543,
    2.3655732207828097,
    -3.035886287689209,
    9.971862210167778,
    8.395089440875584,
    5.24793455335829,
    -2.132526980506049,
    -11.433343516455757,
    -7.198913521236843,
    5.822461658053928,
    2.9959446324242487,
    35.336435900794136,
    -2.4680283864339194,
    5.831115033891466,
    14.46574322382609,
    -21.26531590355767,
    12.447436491648356,
    -7.878461096021864,
    -0.853853808508979,
    2.754574563768175,
    -20.1761285993788,
    -27.9314218627082,
    54.364322662353516,
    -31.371482425265842,
    21.60007158915202,
    -14.361765543619791,
    13.708966361151802,
    -15.474119928148058,
    34.07015821668837,
    26.3114456070794,
    70.11617284350925,
    -12.089805391099718,
    -1.1890544361538358,
    -15.955223613315159,
    1.2008789910210504,
    46.983499103122284,
    36.43165535397,
    31.400130801730686,
    11.816776593526205,
    31.008793936835396,
    24.82726976606581,
    48.481007470024956,
    59.73054790496826,
    -11.533588197496202,
    67.77046182420519
  ],
  "gp": [
    0.11252918756670421,
    0.2589505033619288,
    0.13362908066698798,
    0.10695628297549707,
    0.07757891992245007,
    0.08033325654213075,
    0.05354608229740902,
    0.05711940179268519,
    0.05521382071526238,
    0.05875963384837464,
    0.04820390892456527,
    0.047155593176958735,
    0.047028067793386676,
    0.03832634402163051,
    0.03469286590795188,
    0.039907335579671244,
    0.03326099303753667,
    0.03627941615155174,
    0.033251506414402415,
    0.03331457421666494,
    0.045983420337843535,
    0.03611963105181025,
    0.03258625793063806,
    0.03266141348393393,
    0.03023801095938931,
    0.03373495128902572,
    0.03161599620728305,
    0.03877601866972529,
    0.03019667674649369,
    0.04150181422354998,
    0.033254939795437234,
    0.029067359256765082,
    0.03690480026502714,
    0.03561298733715106,
    0.025312400836911466,
    0.027754340228124487,
    0.029313619753035407,
    0.030281810999709974,
    0.021280776502357587,
    0.02535219474359312,
    0.025938839459774533,
    0.027049696538597345,
    0.027602343949385814,
    0.06258044818726678,
    0.04493965947336552,
    0.0205186525558087,
    0.027781572710308764,
    0.020437433186021668,
    0.02556883839510933,
    0.027127233687443315
  ],
  "fid": [
    [
      10,
      212.81654071016766
    ],
    [
      20,
      206.66924462367024
    ],
    [
      30,
      202.20583110045362
    ],
    [
      40,
      204.9034326685409
    ],
    [
      50,
      227.96983608703246
    ]
  ],
  "epoch_time": [
    24.879042387008667,
    22.071818828582764,
    21.13092041015625,
    21.44314455986023,
    21.73060894012451,
    21.109129190444946,
    21.47250008583069,
    21.695615768432617,
    21.09784746170044,
    22.54698872566223,
    21.41121530532837,
    21.17308259010315,
    21.376861810684204,
    21.36909031867981,
    21.1425199508667,
    21.2991464138031,
    21.552750825881958,
    21.0394868850708,
    21.148815393447876,
    21.44072675704956,
    21.108458042144775,
    21.717880725860596,
    21.535550355911255,
    21.368977069854736,
    21.394742250442505,
    21.408105611801147,
    21.191547632217407,
    21.67771863937378,
    21.553436279296875,
    20.942606687545776,
    21.43689799308777,
    21.43139123916626,
    21.758079528808594,
    21.435275554656982,
    21.446202278137207,
    21.57077383995056,
    21.54626202583313,
    21.483141660690308,
    21.420031785964966,
    21.421707153320312,
    21.29816436767578,
    21.017596006393433,
    21.372511863708496,
    21.545756816864014,
    21.038501501083374,
    21.4815833568573,
    21.4758882522583,
    21.26448941230774,
    21.51122736930847,
    21.74737286567688
  ]
}