{
  "fid": 212.81654071016766,
  "is_mean": 1.4727367162704468,
  "is_std": 0.0245981328189373,
  "precision": 0.0,
  "recall": 0.0,
  "epoch": 10
}