{
  "fid": 206.66924462367024,
  "is_mean": 1.9051330089569092,
  "is_std": 0.028347043320536613,
  "precision": 0.0,
  "recall": 0.0,
  "epoch": 20
}