{
  "fid": 202.20583110045362,
  "is_mean": 2.155790328979492,
  "is_std": 0.06433034688234329,
  "precision": 0.0655,
  "recall": 0.0,
  "epoch": 30
}