{
  "fid": 227.96983608703246,
  "is_mean": 2.3097445964813232,
  "is_std": 0.07094547897577286,
  "precision": 0.0075,
  "recall": 0.0,
  "epoch": 50
}