{
  "fid": 204.9034326685409,
  "is_mean": 2.01920747756958,
  "is_std": 0.056795183569192886,
  "precision": 0.0165,
  "recall": 0.0,
  "epoch": 40
}