{
  "epochs": [
    1,
    2,
    3,
    4,
    5,
    6,
    7,
    8,
    9,
    10,
    11,
    12,
    13,
    14,
    15,
    16,
    17,
    18,
    19,
    20,
    21,
    22,
    23,
    24,
    25,
    26,
    27,
    28,
    29,
    30,
    31,
    32,
    33,
    34,
    35,
    36,
    37,
    38,
    39,
    40,
    41,
    42,
    43,
    44,
    45,
    46,
    47,
    48,
    49,
    50
  ],
  "d_loss": [
    -13.484006230477933,
    -23.70412566926744,
    -26.046260904382777,
    -31.752740294845015,
    -38.57038059941045,
    -48.09589601446081,
    -46.375727582860875,
    -48.10872586568197,
    -46.66967808758771,
    -35.727497312757706,
    -18.479265998910975,
    -48.51314929679588,
    -55.94357914394803,
    -80.14674928453233,
    17.827487027203595,
    -69.47916504188821,
    -104.24483942102503,
    -12.181457448888708,
    -16.625539779663086,
    -106.8475047217475,
    -122.704897986518,
    -135.32733535766602,
    -145.22713456330476,
    -164.00401616979528,
    -170.90711212158203,
    -183.4947554976852,
    -195.8442461932147,
    -212.29954698350696,
    -225.34131254973235,
    -238.3694330851237,
    -261.91954718695746,
    21136.261679472747,
    -150.85953521728516,
    54.22693054764359,
    -229.60249356870298,
    -293.91783509431065,
    -262.73713571053963,
    -336.75523969862195,
    -371.75574182581016,
    -405.4239360668041,
    32790.80154023347,
    16579.02909879331,
    -91.77324556421351,
    2780.63259322555,
    -69.4959172849302,
    -262.58884415803135,
    -471.32987128363715,
    -413.91545839662905,
    -531.9970895272714,
    -558.4462415907118
  ],
  "g_loss": [
    6.610653274589115,
    10.63414372338189,
    11.309113184611002,
    10.86004506217109,
    8.62099740240309,
    8.031731340620253,
    5.9901736047532825,
    4.749163137541877,
    3.410215695699056,
    2.7082961201667786,
    3.9811693562401667,
    2.9842031796773276,
    2.9042369723320007,
    1.6586525042851765,
    1.050805693699254,
    1.852999382548862,
    4.004776795705159,
    3.7105637788772583,
    4.62336712413364,
    5.70556886990865,
    4.604982680744595,
    4.471247341897753,
    5.5337090227339,
    8.62766268518236,
    9.413957489861382,
    11.79226271311442,
    13.31514385011461,
    17.19279697206285,
    20.4554689195421,
    26.05935944451226,
    30.731061299641926,
    40.77748277452257,
    40.85223780737983,
    32.698987854851616,
    37.63653998904758,
    48.27033699883355,
    62.67148568895128,
    71.45801628960504,
    78.55737389458551,
    95.87961663140192,
    113.68659591674805,
    115.52344852023654,
    113.72798495822482,
    112.15593126085069,
    116.84256150987413,
    117.91657045152452,
    139.02429750230579,
    160.43887074788412,
    170.6937001546224,
    182.1894005669488
  ],
  "fid": [
    471.75247206703784,
    342.7116791444756,
    288.2414216526577,
    471.1977357087783,
    513.0689964010978
  ],
  "is_mean": [
    2.141810655593872,
    1.85648512840271,
    1.504270076751709,
    1.5145362615585327,
    1.3755831718444824
  ]
}