{
  "fid": 513.0689964010978,
  "is_mean": 1.3755831718444824,
  "is_std": 0.037554070353507996,
  "precision": 0.0,
  "recall": 0.0,
  "epoch": 50
}