{
  "fid": -2.2311154536351416e+109,
  "is_mean": 1.7569665908813477,
  "is_std": 0.08968672156333923,
  "precision": 0.0,
  "recall": 0.0,
  "epoch": 10
}