{
  "fid": 471.1977357087783,
  "is_mean": 1.5145362615585327,
  "is_std": 0.04622310772538185,
  "precision": 0.0,
  "recall": 0.0,
  "epoch": 40
}