{
  "fid": 342.7116791444756,
  "is_mean": 1.85648512840271,
  "is_std": 0.07804188132286072,
  "precision": 0.0,
  "recall": 0.0,
  "epoch": 20
}