{
  "fid": 471.75247206703784,
  "is_mean": 2.141810655593872,
  "is_std": 0.07448147982358932,
  "precision": 0.0,
  "recall": 0.0,
  "epoch": 10
}