{
  "fid": 288.2414216526577,
  "is_mean": 1.504270076751709,
  "is_std": 0.043322622776031494,
  "precision": 0.0,
  "recall": 0.0,
  "epoch": 30
}