{
  "d_loss": [
    0.6528646571223746,
    0.5887979796541392,
    0.5264408104907611,
    0.6007803963489422,
    0.7148726844712149,
    0.8322184754826348,
    0.8229576007852072,
    0.8447410805064415,
    0.8007952705465792,
    0.7843558649033434,
    0.773819757727631,
    0.8046618611374988,
    0.7596373653613062,
    0.7826268420189242,
    0.7494183233644389,
    0.7243731943615378,
    0.6737267828943357,
    0.6676407618927553,
    0.6711243368402312,
    0.6389891591378908,
    0.6350417492384649,
    0.6241234955908377,
    0.606868437196635,
    0.5791161365272627,
    0.5822744600883516,
    0.5622514137361623,
    0.5343623222932534,
    0.5149174261570982,
    0.49758689011199564,
    0.5051945134180005,
    0.4802471975548358,
    0.4653177439914977,
    0.4548835195758172,
    0.45625447938493785,
    0.4147211804923126,
    0.43050216265682933,
    0.4034276560640536,
    0.40755966572947644,
    0.3946555549208122,
    0.37285758618595477,
    0.37456290128361824,
    0.3611147445528316,
    0.33489855655512224,
    0.35170740047901994,
    0.3362210109389784,
    0.3226226378813826,
    0.29433376053623256,
    0.3000859484893863,
    0.3148111182143165,
    0.2890094706222792
  ],
  "g_loss": [
    2.2479084217095675,
    2.574839447118059,
    2.8319436236272884,
    2.6202785395368746,
    2.5987594459630268,
    2.2536419252806072,
    2.4650002325637432,
    2.3455151304414,
    2.3703104936623873,
    2.3916260675538945,
    2.577151353600659,
    2.5072677859777137,
    2.5227518451364737,
    2.4914353286163715,
    2.445843587193308,
    2.639230150965196,
    2.6500878484943247,
    2.6771303769908372,
    2.6381359100341797,
    2.9846739995328684,
    2.642796015437645,
    2.658783097810383,
    3.0109688405749164,
    3.0355266717415823,
    3.0893204332906987,
    3.1922309398651123,
    2.993926517571075,
    3.164993210683895,
    3.2025603916071637,
    3.213950507248504,
    3.376539681531206,
    3.425678835639471,
    3.40382523476323,
    3.414106298096572,
    3.562358765662471,
    3.656920019584366,
    3.662337401245214,
    3.5892778197421302,
    3.5967008826098863,
    3.61997586262377,
    3.77447884444949,
    3.7700742558587956,
    3.9097885911977746,
    4.000642503364177,
    3.9287955308262306,
    3.9947776190842252,
    4.177414803565303,
    3.910518347462521,
    4.1610435503947585,
    4.177963585793218
  ],
  "fid": [
    [
      10,
      49.71307173982519
    ],
    [
      20,
      31.27394277240286
    ],
    [
      30,
      25.179979340779525
    ],
    [
      40,
      30.838110197708207
    ],
    [
      50,
      21.3285524825366
    ]
  ],
  "epoch_time": [
    12.494075536727905,
    11.396903038024902,
    12.099109411239624,
    10.610550165176392,
    11.413033485412598,
    10.722899913787842,
    10.390295028686523,
    12.992734432220459,
    9.994465589523315,
    10.713320016860962,
    11.592893600463867,
    13.504347801208496,
    10.983859300613403,
    13.607207536697388,
    13.609436750411987,
    10.100362062454224,
    10.201854228973389,
    10.386056900024414,
    11.997142553329468,
    13.200188875198364,
    10.309619665145874,
    10.206034421920776,
    11.780715942382812,
    11.106130123138428,
    11.707014322280884,
    11.509624004364014,
    12.696892499923706,
    10.777498960494995,
    10.600048542022705,
    10.00315809249878,
    2.8199949264526367,
    2.341785192489624,
    2.4433929920196533,
    2.609184980392456,
    2.5449624061584473,
    2.5443530082702637,
    2.441650390625,
    2.694117546081543,
    2.5049734115600586,
    2.433907985687256,
    3.543156147003174,
    3.6608943939208984,
    3.8977277278900146,
    4.1243977546691895,
    3.9139881134033203,
    3.874889850616455,
    3.699268102645874,
    3.9266138076782227,
    3.764104127883911,
    3.52459716796875
  ]
}