{
  "fid": 49.71307173982519,
  "is_mean": 2.0008435249328613,
  "is_std": 0.2129054218530655,
  "precision": 0.276,
  "recall": 0.375,
  "epoch": 10
}