{
  "fid": 30.838110197708207,
  "is_mean": 1.9869142770767212,
  "is_std": 0.16847214102745056,
  "precision": 0.456,
  "recall": 0.496,
  "epoch": 40
}