{
  "fid": 25.179979340779525,
  "is_mean": 1.867110252380371,
  "is_std": 0.18260453641414642,
  "precision": 0.447,
  "recall": 0.431,
  "epoch": 30
}