{
  "fid": 31.27394277240286,
  "is_mean": 1.9317041635513306,
  "is_std": 0.16874735057353973,
  "precision": 0.35,
  "recall": 0.376,
  "epoch": 20
}