{
  "fid": 21.3285524825366,
  "is_mean": 1.8354103565216064,
  "is_std": 0.15541216731071472,
  "precision": 0.476,
  "recall": 0.501,
  "epoch": 50
}