{
  "d_loss": [
    0.24991452634994743,
    0.17376460017094128,
    0.1239964788335568,
    0.6099576291781438,
    0.6105481916213338,
    0.5225693938412747,
    0.4164328551084935,
    0.3746264465624773,
    0.39384780431221306,
    0.43436628168268043,
    0.45061800132195157,
    0.5674590651370301,
    0.6226922068666305,
    0.6232234576583412,
    0.6690775762756163,
    0.6689388929917339,
    0.6576537219532431,
    0.6945183546231266,
    0.6744735306954082,
    0.6826513141142165,
    0.6603391898583763,
    0.6720658700425917,
    0.6554635267406074,
    0.6477907976520716,
    0.638881573257064,
    0.6168049927250745,
    0.6110230000210211,
    0.606010297808466,
    0.5847485382660029,
    0.5748820600693236,
    0.5795276982686187,
    0.565039206877791,
    0.5643761174336768,
    0.5587682644148919,
    0.5349101918722003,
    0.5401440346417045,
    0.5194594495407137,
    0.5124758296815152,
    0.49944085448603087,
    0.4857202930226608,
    0.46940826615200765,
    0.44927016119099367,
    0.448332204455942,
    0.434330273341026,
    0.4131225776634639,
    0.4139527238371,
    0.4097592937858296,
    0.39080631863404425,
    0.3764165342168466,
    0.37957250301722234
  ],
  "g_loss": [
    4.723842196826693,
    4.756366183486166,
    6.428303003311157,
    2.5725978801522076,
    2.604492831833755,
    2.7875660295727887,
    3.1322519447230084,
    3.3588923291315007,
    3.456982161425337,
    3.260991105550452,
    3.428237125843386,
    2.9950607939611507,
    2.768311710297307,
    2.809678168236455,
    2.762045854254614,
    2.637659057786193,
    2.809504777570314,
    2.8681743839119056,
    2.6118193774283687,
    2.8079688352874563,
    2.8147894189327576,
    2.8307847689978685,
    2.7507395895221567,
    2.896627036831047,
    2.8425336125530776,
    2.907654324664345,
    2.908019189593158,
    2.9449557382849196,
    2.934852785701993,
    2.874697511709189,
    3.0685530312453646,
    3.023859141748163,
    3.061456348322615,
    3.094986966893643,
    2.97213124172597,
    3.110297480715981,
    3.112346099901803,
    3.2062155551548246,
    3.1850062638898438,
    3.274453199362453,
    3.272439138798774,
    3.318840044963209,
    3.434952545769607,
    3.4631926138189773,
    3.450553925731514,
    3.5007687188402006,
    3.5503527786158307,
    3.6403125449071956,
    3.6487600501579576,
    3.6473187313804143
  ],
  "fid": [
    [
      10,
      140.5866629181169
    ],
    [
      20,
      88.93614572549004
    ],
    [
      30,
      74.25575744856314
    ],
    [
      40,
      57.59656624800308
    ],
    [
      50,
      55.074473585439215
    ]
  ],
  "epoch_time": [
    4.958343744277954,
    4.500333070755005,
    4.415769815444946,
    4.1868896484375,
    4.416434288024902,
    4.484253168106079,
    4.425563097000122,
    4.313200950622559,
    4.379226446151733,
    4.286831855773926,
    6.071017265319824,
    3.4292235374450684,
    3.8933093547821045,
    4.368621110916138,
    4.505620956420898,
    4.296423673629761,
    4.139481067657471,
    4.171231031417847,
    4.49943208694458,
    4.2842185497283936,
    8.407246112823486,
    7.616259574890137,
    8.572223901748657,
    8.909828662872314,
    12.307251691818237,
    10.496763467788696,
    10.107410907745361,
    9.697523355484009,
    8.690856456756592,
    10.512404441833496,
    9.988497972488403,
    8.821123838424683,
    9.786301851272583,
    10.307021379470825,
    10.09679126739502,
    9.882503509521484,
    9.006978273391724,
    8.812010526657104,
    9.28959608078003,
    8.631617546081543,
    8.78746747970581,
    7.992556810379028,
    8.10183310508728,
    7.806549549102783,
    7.802525281906128,
    7.286125659942627,
    8.995771884918213,
    8.202985048294067,
    8.300262451171875,
    8.722941398620605
  ]
}