{
  "fid": 74.25575744856314,
  "is_mean": 2.528810977935791,
  "is_std": 0.22962965071201324,
  "precision": 0.181,
  "recall": 0.182,
  "epoch": 30
}