{
  "fid": 55.074473585439215,
  "is_mean": 2.4578537940979004,
  "is_std": 0.26468080282211304,
  "precision": 0.303,
  "recall": 0.235,
  "epoch": 50
}