{
  "fid": 140.5866629181169,
  "is_mean": 2.390115737915039,
  "is_std": 0.20430558919906616,
  "precision": 0.069,
  "recall": 0.011,
  "epoch": 10
}