{
  "fid": 88.93614572549004,
  "is_mean": 2.443739175796509,
  "is_std": 0.27983978390693665,
  "precision": 0.143,
  "recall": 0.075,
  "epoch": 20
}