{
  "fid": 57.59656624800308,
  "is_mean": 2.5165231227874756,
  "is_std": 0.22733527421951294,
  "precision": 0.266,
  "recall": 0.19,
  "epoch": 40
}