{
  "d_loss": [
    -12.978312846202,
    -16.547023228525862,
    -13.763898504261252,
    -14.479487292073081,
    -14.54681135995626,
    -16.040161285683862,
    -15.571829624742966,
    -16.27666426464251,
    -16.04706813828454,
    -17.332210452187088,
    -18.442668075014833,
    -15.713305725413523,
    -16.81056939163532,
    -15.007636301583291,
    -13.60317713465154,
    -14.097276398583835,
    -13.103275109248557,
    -16.366377068173353,
    -14.376761535170731,
    -13.208261201842323,
    -11.583405695776523,
    -10.383707296380065,
    -12.520577943692036,
    -14.947949141137412,
    -16.59213881191428,
    -16.592070410016238,
    -10.583694818546311,
    -13.649827224433801,
    -9.482773205340541,
    -19.505819664196352,
    -13.915937102903985,
    -12.363154590003303,
    -14.996832778815758,
    -11.352751420340214,
    -14.84865962304254,
    -14.925203182942168,
    -14.041466653568476,
    -16.94507581330915,
    -24.91603754989154,
    -20.711023391115692,
    -18.33390892817463,
    -18.289107824080563,
    -14.312320552560681,
    -16.91836160136636,
    -27.18594703616104,
    -26.139301319410848,
    -22.56671449421824,
    -25.848802109939026,
    -27.208552209403358,
    -18.663295995499425
  ],
  "g_loss": [
    4.669096874203651,
    4.198262883599397,
    2.232386965850356,
    4.172365022502887,
    4.9098262635006265,
    6.240184118413621,
    9.672590986178939,
    5.809380277706559,
    14.572553716647397,
    13.9673835304892,
    9.867886958608203,
    20.638110548068003,
    32.16991725545021,
    35.61974193184239,
    38.7649140388343,
    52.67756654958057,
    50.57835570869932,
    42.55144233156921,
    24.03072842215277,
    25.072383500967817,
    20.32584899550031,
    34.983467912977666,
    33.555349720511465,
    51.42826923746971,
    61.94959170347566,
    52.08049006067264,
    71.79658386813607,
    76.49714163154553,
    56.284598948849236,
    64.99573891633635,
    28.950811203877638,
    63.1277430589032,
    78.97134621128156,
    68.92023797855256,
    52.5976839915962,
    134.52231198815025,
    129.33492495299905,
    128.14295786353432,
    123.19037371835891,
    110.44859764682259,
    152.64557155682024,
    165.79400513278452,
    147.57365784371734,
    164.8296610230853,
    192.8947663033844,
    240.06421131692875,
    199.38198543961641,
    198.62298603422323,
    251.87650527468153,
    204.78698110884162
  ],
  "gp": [
    0.22323059954832758,
    0.37099119033783107,
    0.2743062028965879,
    0.29788087469756985,
    0.30560269591155326,
    0.31219792638108484,
    0.3205128211504335,
    0.3272210798382506,
    0.32755612640497284,
    0.32955754470799886,
    0.31928843332577156,
    0.305466248509484,
    0.2702549044873304,
    0.2378446658452352,
    0.2057855091435388,
    0.19630097612074227,
    0.1784503560536986,
    0.1608075355426774,
    0.12448113671881632,
    0.08385511369478045,
    0.07443543848623137,
    0.060477522536004934,
    0.056665938323850085,
    0.052735555007452674,
    0.0491628181406805,
    0.04208746628199097,
    0.04283604197868496,
    0.038214846929404765,
    0.03154909578517807,
    0.03177298887013883,
    0.033780868028759195,
    0.026116115355472657,
    0.028173071692149984,
    0.024798921992579145,
    0.023438174928085694,
    0.029703379665044653,
    0.022406027280585147,
    0.02706192753074054,
    0.02729960817313751,
    0.03098795193419525,
    0.022064832917112073,
    0.02773737881506641,
    0.02229016501409043,
    0.025013821333994785,
    0.022444159623963122,
    0.024720698001847907,
    0.03202978342735938,
    0.028637571416542155,
    0.022299443420038544,
    0.026161798795056382
  ],
  "fid": [
    [
      10,
      255.8022490480941
    ],
    [
      20,
      216.06379023302765
    ],
    [
      30,
      205.425039167488
    ],
    [
      40,
      204.2177638550721
    ],
    [
      50,
      192.61213089572874
    ]
  ],
  "epoch_time": [
    226.9514400959015,
    195.66112089157104,
    228.0508110523224,
    224.3714578151703,
    216.70415139198303,
    213.6123046875,
    214.85290622711182,
    220.24600982666016,
    211.49490809440613,
    220.49945425987244,
    213.17109036445618,
    209.33831071853638,
    217.48165798187256,
    226.38348197937012,
    262.32057881355286,
    223.20358395576477,
    189.99920439720154,
    276.634215593338,
    267.40182662010193,
    236.26339435577393,
    224.8549997806549,
    195.7561070919037,
    225.24735403060913,
    204.51233458518982,
    251.65208077430725,
    227.84387159347534,
    182.1046061515808,
    231.3312587738037,
    216.56393718719482,
    179.39804768562317,
    178.62902450561523,
    179.73978424072266,
    175.9215054512024,
    175.5412061214447,
    176.73945546150208,
    177.6905107498169,
    175.0774691104889,
    173.1972734928131,
    176.71781516075134,
    178.69798254966736,
    174.905846118927,
    176.70224118232727,
    176.3072144985199,
    174.70947527885437,
    180.22413992881775,
    176.29782938957214,
    173.2393674850464,
    173.62256479263306,
    180.41392469406128,
    176.8654215335846
  ]
}