{
  "fid": 192.61213089572874,
  "is_mean": 1.6315654516220093,
  "is_std": 0.15561555325984955,
  "precision": 0.253,
  "recall": 0.0,
  "epoch": 50
}