{
  "fid": 204.2177638550721,
  "is_mean": 1.5687713623046875,
  "is_std": 0.18385623395442963,
  "precision": 0.225,
  "recall": 0.0,
  "epoch": 40
}