{
  "fid": 255.8022490480941,
  "is_mean": 1.9733755588531494,
  "is_std": 0.11645156145095825,
  "precision": 0.043,
  "recall": 0.0,
  "epoch": 10
}