{
  "fid": 216.06379023302765,
  "is_mean": 1.6925503015518188,
  "is_std": 0.07795187830924988,
  "precision": 0.145,
  "recall": 0.0,
  "epoch": 20
}