{
  "fid": 205.425039167488,
  "is_mean": 1.5251946449279785,
  "is_std": 0.138395294547081,
  "precision": 0.077,
  "recall": 0.0,
  "epoch": 30
}