{
  "d_loss": [
    -14.21813580184985,
    -11.014620433693985,
    -10.352722089255185,
    -11.252184597296827,
    -13.562311726264387,
    -13.46003281462724,
    -14.393872275980161,
    -15.912781957101924,
    -17.807223308364804,
    -19.748633446966767,
    -18.926948851081217,
    -20.352950979443367,
    -20.919368574573735,
    -24.830224001483554,
    -22.389556543082946,
    -26.762321718432595,
    -24.57017074167855,
    -25.186889777264525,
    -27.885783260035666,
    -27.940928789713833,
    -31.93263406017024,
    -31.208708607973314,
    -26.624763677707396,
    -38.08343208152524,
    -47.11451739313243,
    -46.43330955454751,
    -39.7838303849196,
    -45.536442044054624,
    -45.477193856821444,
    -41.87845171573562,
    -45.64733214806093,
    -46.154689760408075,
    -41.39023531989181,
    -60.749373112134876,
    -64.96193105260784,
    -54.62363091895788,
    -65.15270811939442,
    -63.223314133545905,
    -57.48106374615317,
    -52.50888980757406,
    -53.83492264385689,
    -69.42334236055929,
    -75.41983327744113,
    -75.35312408803628,
    -75.18759302057785,
    -88.80315404700119,
    -67.70976623335967,
    -92.78362932649388,
    -69.17775037435463,
    -53.875372893301545
  ],
  "g_loss": [
    8.379304916236052,
    5.558018779678709,
    6.79860297149154,
    8.892383225404533,
    17.68757414134445,
    21.055929534754178,
    23.782880357875946,
    31.561018469986642,
    40.721383835859356,
    45.32069529697394,
    56.36771603298795,
    64.24885636833822,
    63.96143357465222,
    66.18296887768302,
    83.101783694735,
    87.32371829573516,
    102.49009512032673,
    114.03516864169175,
    110.61372573512375,
    128.00745194429047,
    145.26854826690285,
    134.3743665537257,
    180.46806401052294,
    181.8273419665683,
    202.8236167689038,
    211.14321590836641,
    220.54746997128626,
    229.7377098350768,
    263.84462687012496,
    272.3898796275922,
    282.0451067541815,
    326.4763987595868,
    305.40220821890864,
    332.51098120136623,
    361.7261927173396,
    411.7781046970635,
    405.7255189737697,
    408.8610513043252,
    418.6389318575525,
    467.3336928786745,
    474.56300922563884,
    439.57412092852746,
    505.0899356671959,
    530.3685507318776,
    526.5679020243845,
    557.0483284239556,
    596.3825827920513,
    605.8756588492424,
    583.642797287862,
    623.9866714477539
  ],
  "gp": [
    0.25009300269091583,
    0.18237342955959832,
    0.16091161657860326,
    0.1827007678916753,
    0.2043046469774469,
    0.21592578652558053,
    0.2283811186086347,
    0.22968809657795414,
    0.23401954441060432,
    0.23984076636358936,
    0.23984807353237378,
    0.2429981619878939,
    0.24261776418000017,
    0.2296951761797482,
    0.21506454446006987,
    0.20420965595040352,
    0.19503120967283877,
    0.18956525702891583,
    0.17628563557713908,
    0.16443672967627804,
    0.15556458048443378,
    0.1503658381363895,
    0.13786276991453394,
    0.12386955653817537,
    0.11404141026792253,
    0.09934877894518229,
    0.09859266669950162,
    0.08942671618849482,
    0.07727648307531755,
    0.07253562878904322,
    0.06401984864201263,
    0.05377264447794978,
    0.055455276111809185,
    0.05336511049878382,
    0.048715369894531124,
    0.05071382121738608,
    0.048451059883472265,
    0.054199033480082225,
    0.043409663999963335,
    0.04216858797218263,
    0.04337432096670767,
    0.04816792288403602,
    0.040811970392973684,
    0.04109009107547138,
    0.038435959284868086,
    0.035999970882340096,
    0.03994288275536395,
    0.03562334776043322,
    0.0388071535890744,
    0.034720483718483436
  ],
  "fid": [
    [
      10,
      237.6949532027719
    ],
    [
      20,
      192.6536107438321
    ],
    [
      30,
      153.30309331311383
    ],
    [
      40,
      103.28397077370778
    ],
    [
      50,
      118.22545615477846
    ]
  ],
  "epoch_time": [
    186.23883199691772,
    185.97363233566284,
    190.3953778743744,
    192.95657181739807,
    184.87347650527954,
    183.926114320755,
    183.57870626449585,
    186.69770526885986,
    184.51161527633667,
    186.94389867782593,
    183.48299384117126,
    181.99062085151672,
    180.8705518245697,
    186.10832500457764,
    180.98477911949158,
    189.13217210769653,
    189.09319472312927,
    184.91112804412842,
    189.04441499710083,
    197.14255046844482,
    183.89105987548828,
    191.03507113456726,
    189.89061164855957,
    189.6633563041687,
    194.9134714603424,
    198.2957935333252,
    201.94440507888794,
    186.3869993686676,
    186.12495374679565,
    190.73774600028992,
    190.2284872531891,
    195.12920331954956,
    201.6756021976471,
    197.24220824241638,
    189.75624752044678,
    202.8262746334076,
    194.36976265907288,
    197.6277961730957,
    195.38087272644043,
    197.66022181510925,
    206.43560552597046,
    194.05487942695618,
    200.77464175224304,
    204.0239315032959,
    197.10932564735413,
    188.78474497795105,
    185.5345811843872,
    179.65064597129822,
    187.19639420509338,
    189.27617621421814
  ]
}