{
  "fid": 237.6949532027719,
  "is_mean": 2.0024850368499756,
  "is_std": 0.05473172292113304,
  "precision": 0.059,
  "recall": 0.0,
  "epoch": 10
}