{
  "fid": 118.22545615477846,
  "is_mean": 1.7932350635528564,
  "is_std": 0.17906364798545837,
  "precision": 0.149,
  "recall": 0.005,
  "epoch": 50
}