{
  "fid": 192.6536107438321,
  "is_mean": 2.3522536754608154,
  "is_std": 0.21922796964645386,
  "precision": 0.033,
  "recall": 0.001,
  "epoch": 20
}