{
  "fid": 103.28397077370778,
  "is_mean": 1.7808959484100342,
  "is_std": 0.15271127223968506,
  "precision": 0.191,
  "recall": 0.014,
  "epoch": 40
}