{
  "fid": 153.30309331311383,
  "is_mean": 1.8700977563858032,
  "is_std": 0.07726632803678513,
  "precision": 0.066,
  "recall": 0.004,
  "epoch": 30
}