{
  "d_loss": [
    -9.429215267489228,
    -3.375480659777605,
    -4.44823180434573,
    -4.686085619378191,
    -4.314663635653282,
    -5.434511981307203,
    -5.643410842126935,
    -6.733792881673901,
    -5.108393739421659,
    -7.336946060323011,
    -11.26852094303455,
    -8.067243764169106,
    -11.9352875130589,
    -14.833480150136264,
    -13.547139127043229,
    -17.637031844899624,
    -14.832298710596461,
    -28.27486348554555,
    -29.528297369490193,
    -46.7369955773092,
    -41.28370634035722,
    -42.075837135817935,
    -80.24016318190449,
    -104.23234242552947,
    -67.04245545416441,
    -108.25638655595135,
    -113.98712048651296,
    -146.7203177052711,
    -110.94461546266129,
    -134.71378092775868,
    -261.1765177280088,
    -229.16410273590168,
    -303.3339598299582,
    -318.4493183289902,
    -287.9199688341547,
    -127.4281876761199,
    -303.09205077167303,
    -253.8813462830797,
    -385.524939005888,
    -240.02014449779494,
    -219.84140064243525,
    -373.04648030935965,
    -273.48979445952403,
    -366.3154506451973,
    -321.1134053282597,
    -391.7756683655429,
    -478.4378037895331,
    -692.2885446915647,
    -313.6002277915488,
    -399.7490249389335
  ],
  "g_loss": [
    2.7385628955273686,
    -0.5743899330308165,
    2.858056895340545,
    1.2334202656263038,
    4.405652790129939,
    12.80710847317418,
    1.601080055478253,
    24.988179071040094,
    22.32559667810609,
    6.685547294495981,
    18.048991022230705,
    42.29427093795583,
    31.768235807177387,
    31.72040118446833,
    24.43660655202745,
    35.37731259382224,
    14.93092319935183,
    46.754706388787376,
    -27.160657496391973,
    68.14821411084525,
    123.98672833020174,
    21.412645207175725,
    125.49762025664124,
    139.31581467012816,
    253.05337097071393,
    333.76951140391674,
    -97.69485815869102,
    -9.363156258305416,
    117.57064221780512,
    63.32275986973244,
    79.39570803581914,
    -22.624839734427535,
    105.80349356011499,
    443.86381847043583,
    535.8796855588503,
    545.068172309972,
    -33.968987199324594,
    905.8044856590561,
    276.4815867460227,
    372.088008059731,
    898.5352710772164,
    638.1910508554193,
    899.7049814538111,
    995.4414846685868,
    419.59885498240027,
    817.5518202721319,
    265.296592808977,
    177.58575746077526,
    1392.0559990556935,
    1213.1682945444613
  ],
  "fid": [
    [
      10,
      73.49797935034417
    ],
    [
      20,
      138.48078171523298
    ],
    [
      30,
      205.7146613642173
    ],
    [
      40,
      226.50668402001668
    ],
    [
      50,
      166.10622112580185
    ]
  ],
  "epoch_time": [
    18.70906949043274,
    15.90509033203125,
    13.322565793991089,
    17.39978051185608,
    16.49755597114563,
    17.703805685043335,
    16.997530698776245,
    16.202123880386353,
    15.58274507522583,
    17.22365379333496,
    17.17397165298462,
    18.01195979118347,
    17.791165828704834,
    18.802457332611084,
    19.110828161239624,
    16.102016925811768,
    18.290159463882446,
    15.914473533630371,
    19.99943494796753,
    17.282512187957764,
    13.503342628479004,
    14.984748363494873,
    16.607566833496094,
    14.890647172927856,
    15.909252166748047,
    15.596612930297852,
    15.209142684936523,
    16.77608633041382,
    18.528257846832275,
    16.272226333618164,
    3.5659713745117188,
    3.6251444816589355,
    3.6017818450927734,
    3.670593023300171,
    3.493034601211548,
    3.567873239517212,
    7.838540077209473,
    7.484191417694092,
    7.520037412643433,
    7.589946508407593,
    6.104659080505371,
    6.102081537246704,
    6.179446697235107,
    5.923243522644043,
    6.391751527786255,
    6.708678245544434,
    6.30279803276062,
    6.188353061676025,
    6.295997142791748,
    6.012628078460693
  ]
}