{
  "fid": 205.7146613642173,
  "is_mean": 1.6394617557525635,
  "is_std": 0.051148153841495514,
  "precision": 0.0,
  "recall": 0.0,
  "epoch": 30
}