{
  "fid": 73.49797935034417,
  "is_mean": 2.0871591567993164,
  "is_std": 0.18810805678367615,
  "precision": 0.126,
  "recall": 0.271,
  "epoch": 10
}