{
  "fid": 138.48078171523298,
  "is_mean": 1.9693853855133057,
  "is_std": 0.20745249092578888,
  "precision": 0.013,
  "recall": 0.064,
  "epoch": 20
}