{
  "fid": 226.50668402001668,
  "is_mean": 1.4417670965194702,
  "is_std": 0.0883578509092331,
  "precision": 0.0,
  "recall": 0.0,
  "epoch": 40
}