{
  "fid": 166.10622112580185,
  "is_mean": 1.9055297374725342,
  "is_std": 0.1469908505678177,
  "precision": 0.006,
  "recall": 0.007,
  "epoch": 50
}