{
  "d_loss": [
    -15.919300077827113,
    -11.99731214233771,
    -11.491498418674347,
    -12.011791178375292,
    -13.225096088559258,
    -13.744259965900657,
    -13.878078362744326,
    -15.88305112181702,
    -16.994871295688007,
    -15.594288103899379,
    -17.68060542899332,
    -18.62907980758926,
    -17.38601326309698,
    -16.734807581152378,
    -14.588078933663176,
    -18.393450073439098,
    -20.156543513898384,
    -17.209550892344957,
    -16.730528856412114,
    -19.00959977975823,
    -18.439903113176364,
    -22.75996021765053,
    -25.85278857127623,
    -23.552363873445557,
    -26.790407292402474,
    -25.897807673410753,
    -32.50261678352098,
    -29.20746531228351,
    -33.24346116723022,
    -28.62563828994261,
    -31.6828814357709,
    -37.37005820724868,
    -43.57356826483318,
    -44.05613162164475,
    -44.891801323480664,
    -45.20496348666537,
    -44.64091235702964,
    -37.71856055796273,
    -56.23109462566183,
    -41.5505860611132,
    -52.37654493581464,
    -57.25109552058951,
    -31.62283035524332,
    -64.44496892224957,
    -53.272411185085396,
    -41.01676771139643,
    -56.58193577588744,
    -49.293620624613105,
    -51.48840502062674,
    -69.64626919463942
  ],
  "g_loss": [
    9.227222980587346,
    6.704590222638124,
    10.13190437729951,
    15.991081593142953,
    20.793259096753065,
    23.06031758618203,
    32.629830275371575,
    48.64491812438722,
    45.517950446742354,
    61.84404228599208,
    59.12592181430501,
    59.241719610372165,
    64.16193849114096,
    61.45641777621713,
    83.81705933467597,
    90.56259954051608,
    92.38436560418195,
    143.33411239818403,
    159.10903204170762,
    142.54189687473757,
    172.70805454861585,
    158.0859069216783,
    105.3652607620142,
    139.59851639741547,
    172.35821833276444,
    139.9681033480699,
    188.96452208840924,
    179.298859571955,
    118.22171542295226,
    159.3928501408571,
    225.88726325551417,
    259.8455283535514,
    267.3256509622951,
    234.9466347542538,
    236.30773962227403,
    217.4504680633545,
    225.77798562748416,
    190.31730667041364,
    220.0141166638417,
    236.54782917241383,
    169.6545080804521,
    288.38630797756707,
    271.54184942792176,
    239.893339436525,
    318.21391033974425,
    289.89366473058226,
    348.0901560692271,
    321.54856420626305,
    319.63378971853075,
    333.93159137409964
  ],
  "gp": [
    0.29983189387243014,
    0.21091854137283475,
    0.1773277996641815,
    0.1836557563101663,
    0.20048542909181802,
    0.2107731911755165,
    0.21070988647117736,
    0.20733273133730432,
    0.1991632041974179,
    0.19666653520362393,
    0.19561684310372973,
    0.18260089009051111,
    0.1580073069583332,
    0.13013520541021525,
    0.09578120354127985,
    0.07782720064155109,
    0.06178770278384731,
    0.04504868817652107,
    0.04130824047067616,
    0.033976464694456816,
    0.03169682754239269,
    0.03430697265142405,
    0.03549170657011607,
    0.02831021471902127,
    0.027999607788798283,
    0.025042421432635145,
    0.024481453557128992,
    0.02817832484580339,
    0.029768950432428255,
    0.024394734620241224,
    0.025860351763444214,
    0.02019020171851837,
    0.0253971237254244,
    0.030021053458111176,
    0.03005595792148207,
    0.030387510320136122,
    0.028696939390698437,
    0.029602952414210057,
    0.02497779185272706,
    0.026517537594505935,
    0.027542746370765054,
    0.028531280474741242,
    0.026356905980545815,
    0.02624743566462758,
    0.029471990207483055,
    0.02833970370178453,
    0.02676596688877815,
    0.024657866403444684,
    0.023373979114138396,
    0.02854776278438715
  ],
  "fid": [
    [
      10,
      -8.034690221294951e+59
    ],
    [
      20,
      -5.267953421726493e+53
    ],
    [
      30,
      47.92716979980469
    ],
    [
      40,
      1.6368818338106113e+51
    ],
    [
      50,
      7.482888383134223e+51
    ]
  ],
  "epoch_time": [
    251.95713782310486,
    258.6310932636261,
    264.20817136764526,
    276.42678570747375,
    267.7171013355255,
    252.62039256095886,
    252.96653246879578,
    243.49073767662048,
    243.99626564979553,
    246.15347957611084,
    245.88143372535706,
    245.2053565979004,
    246.09014177322388,
    246.94592571258545,
    245.66028237342834,
    245.03057265281677,
    246.69623970985413,
    254.79670310020447,
    253.11008596420288,
    244.93726778030396,
    242.63345408439636,
    244.58817839622498,
    244.4064085483551,
    243.9743332862854,
    244.61499786376953,
    245.84783625602722,
    244.58811950683594,
    245.38639974594116,
    246.75924921035767,
    247.11378836631775,
    244.5104329586029,
    245.26236653327942,
    245.95688891410828,
    245.1794559955597,
    245.27308320999146,
    245.0654981136322,
    245.05251479148865,
    244.46712112426758,
    244.40082716941833,
    247.52368927001953,
    245.4459524154663,
    245.5709207057953,
    244.57111239433289,
    245.0863482952118,
    244.3877193927765,
    245.58397388458252,
    245.29619789123535,
    247.5907871723175,
    246.21032238006592,
    245.75345659255981
  ]
}