{
  "fid": -5.267953421726493e+53,
  "is_mean": 1.7817920446395874,
  "is_std": 0.21244922280311584,
  "precision": 0.1,
  "recall": 0.0,
  "epoch": 20
}