{
  "fid": -8.034690221294951e+59,
  "is_mean": 2.062553882598877,
  "is_std": 0.1943841278553009,
  "precision": 0.004,
  "recall": 0.001,
  "epoch": 10
}