{
  "fid": 47.92716979980469,
  "is_mean": 1.8123114109039307,
  "is_std": 0.3168315291404724,
  "precision": 0.137,
  "recall": 0.0,
  "epoch": 30
}