{
  "fid": 7.482888383134223e+51,
  "is_mean": 1.7395614385604858,
  "is_std": 0.18024711310863495,
  "precision": 0.059,
  "recall": 0.001,
  "epoch": 50
}