{
  "fid": 1.6368818338106113e+51,
  "is_mean": 1.7350823879241943,
  "is_std": 0.17997121810913086,
  "precision": 0.084,
  "recall": 0.0,
  "epoch": 40
}