{
  "d_loss": [
    -11.079400834890434,
    -13.74786692009863,
    -13.739579301477743,
    -14.806485958413207,
    -14.874117477684264,
    -15.966597466458687,
    -15.210883526285743,
    -15.781675745727151,
    -15.94103678092835,
    -16.768791627225855,
    -17.14621092205088,
    -16.870559097601856,
    -16.057425124883146,
    -17.26610061975548,
    -18.561652479151505,
    -17.18565963028343,
    -16.957561517217357,
    -18.69377257970741,
    -19.215246946695252,
    -19.350436271375912,
    -20.529386237421868,
    -18.412920472981316,
    -19.79245711233459,
    -19.725828655206474,
    -19.864181247739527,
    -18.704976959086782,
    -20.387310769654132,
    -20.722544544568233,
    -20.67848113084295,
    -24.77456283569336,
    -19.28049962130828,
    -26.278539346788087,
    -25.900259656764394,
    -26.426615538870454,
    -25.564052883480258,
    -20.04830783238583,
    -22.635972027566023,
    -26.352212839065842,
    -22.692247403401986,
    -21.139954840807906,
    -22.366144270907036,
    -17.964858187232046,
    -23.23963272242536,
    -16.548535189051538,
    -25.13421250756379,
    -34.568901685139686,
    -26.927416461794746,
    -20.95219530522697,
    -27.2311060782957,
    -31.8395535409324
  ],
  "g_loss": [
    0.5181076473016648,
    0.5055019361957623,
    1.173038822830103,
    1.0158271056831263,
    0.4285362154055553,
    0.40033691855752546,
    0.1643636192485785,
    -3.4285067054116802,
    0.4506955374578002,
    -0.08636846625880831,
    -6.5184511090539825,
    -4.736048044672438,
    -1.623259438830576,
    -11.329853182385682,
    -13.512078897208925,
    -12.039604742056245,
    -13.917209973001176,
    -8.888177432831686,
    -21.189736506741518,
    -19.41503499267967,
    -26.707754505667715,
    -20.5349815802969,
    -19.85337107044876,
    -26.63844905841123,
    -9.270460569175185,
    -17.65949914713574,
    -13.147129550860946,
    -21.50082103765694,
    -29.160725809206628,
    -9.456500238673701,
    -24.837607532549814,
    -14.89400043912754,
    -27.075227846765216,
    -30.150555288715726,
    -28.551974305681362,
    -38.52825195166715,
    -40.023834799505345,
    -55.58301273273055,
    -61.885235704434145,
    -57.18892384182875,
    -47.73446215489867,
    -51.37410077016065,
    -49.69978054313903,
    -44.366555511571796,
    -56.393687169263316,
    -59.44317724142864,
    -65.37395169932371,
    -68.42474973885118,
    -51.22603786978752,
    -55.66244804479514
  ],
  "gp": [
    0.1764452539694806,
    0.2629345615261932,
    0.28059835985081466,
    0.2895655567478982,
    0.3027738289405333,
    0.3104846407906518,
    0.3257131140259927,
    0.33070896233722663,
    0.3371712354401368,
    0.3325655089568687,
    0.35363271272486185,
    0.3463760219561826,
    0.3537981796163409,
    0.3506617455915281,
    0.3562538717139805,
    0.3706459207519604,
    0.3647431861569674,
    0.35650903824914537,
    0.36001584667815273,
    0.36375475303129534,
    0.3687175956817696,
    0.3628384905003185,
    0.37417990190714534,
    0.36718833547741997,
    0.37054614896733795,
    0.3750234437975914,
    0.37210677833061057,
    0.37395601075799095,
    0.3799881017005621,
    0.3652275772547772,
    0.37396877143539947,
    0.3699425137789639,
    0.37533460193632007,
    0.37229893589095703,
    0.37555089526495355,
    0.3768435778005361,
    0.3802925503937302,
    0.37256720231849927,
    0.3818079306251684,
    0.38180428142254014,
    0.3767052299783994,
    0.3817489468621094,
    0.377535523059768,
    0.3732832131745203,
    0.37822504319456224,
    0.35631294431453553,
    0.3710760440669495,
    0.36863473152658743,
    0.3706649435553581,
    0.3718990812635726
  ],
  "fid": [
    [
      10,
      236.1405107401722
    ],
    [
      20,
      256.035694686648
    ],
    [
      30,
      210.609773685121
    ],
    [
      40,
      201.51856734211472
    ],
    [
      50,
      219.46831982869455
    ]
  ],
  "epoch_time": [
    135.60669875144958,
    135.78152799606323,
    133.0101878643036,
    135.4225676059723,
    134.8067808151245,
    148.73356008529663,
    152.7731750011444,
    137.47337174415588,
    137.64676523208618,
    142.3861804008484,
    148.87266993522644,
    149.91907691955566,
    145.26453495025635,
    139.16374921798706,
    135.554297208786,
    140.25815749168396,
    138.51738572120667,
    144.70494508743286,
    139.3707857131958,
    135.24013137817383,
    136.92229747772217,
    135.8486511707306,
    136.56508946418762,
    140.10294103622437,
    137.49969673156738,
    136.57309484481812,
    138.31745219230652,
    138.08643627166748,
    141.00269842147827,
    136.59614491462708,
    142.2652735710144,
    135.88044929504395,
    138.2997694015503,
    138.2869107723236,
    137.63250875473022,
    135.1156690120697,
    135.73790311813354,
    139.234112739563,
    136.88305926322937,
    138.44099140167236,
    148.1383020877838,
    140.34659600257874,
    151.883207321167,
    145.0245578289032,
    154.66271781921387,
    156.83006596565247,
    137.87200903892517,
    138.10400700569153,
    141.9163064956665,
    139.44379138946533
  ]
}