{
  "fid": 219.46831982869455,
  "is_mean": 2.8009185791015625,
  "is_std": 0.19260109961032867,
  "precision": 0.022,
  "recall": 0.001,
  "epoch": 50
}