{
  "fid": 236.1405107401722,
  "is_mean": 2.516489267349243,
  "is_std": 0.06954705715179443,
  "precision": 0.031,
  "recall": 0.0,
  "epoch": 10
}