{
  "fid": 210.609773685121,
  "is_mean": 2.8886232376098633,
  "is_std": 0.15196174383163452,
  "precision": 0.002,
  "recall": 0.0,
  "epoch": 30
}