{
  "fid": 256.035694686648,
  "is_mean": 2.8212943077087402,
  "is_std": 0.1769992858171463,
  "precision": 0.023,
  "recall": 0.0,
  "epoch": 20
}