{
  "fid": 201.51856734211472,
  "is_mean": 2.532806396484375,
  "is_std": 0.07984887808561325,
  "precision": 0.029,
  "recall": 0.0,
  "epoch": 40
}