{
  "d_loss": [
    -11.509807050228119,
    -20.435881930368918,
    -25.301129694338197,
    -28.222425602100515,
    -31.882495209022803,
    -35.03058930679604,
    -41.50626280351921,
    -44.02812861071693,
    -53.42127766432586,
    -58.032124408969175,
    -57.242411851882935,
    -60.50990942120552,
    -74.20318843700268,
    -62.9827369644686,
    -81.95669381265287,
    -77.31283864930823,
    -92.7649632162518,
    -99.9724132573163,
    -95.37478401705071,
    -111.14769682619307,
    -115.98607184931085,
    -120.0906623337004,
    -132.97032285619665,
    -141.66659571506358,
    -99.38908908985279,
    -153.12025140832972,
    -158.03840643526226,
    -184.44728932557283,
    -168.8531900415266,
    -181.48070907261638,
    -185.9265881291142,
    -203.55963297133093,
    -138.4670422518695,
    -206.791674790559,
    -210.98042316624412,
    -246.16909959581164,
    -204.6729293457336,
    -253.42235515735769,
    -240.1029137229478,
    -256.29855728811685,
    -272.3445116413964,
    -273.56425078820297,
    -325.70021218171826,
    -204.9980378272357,
    -289.7758924663067,
    -300.20519316086063,
    -283.38847956999587,
    -322.5057110212467,
    -251.2152868244383,
    -328.4338416161913
  ],
  "g_loss": [
    3.6443413628472223,
    6.2574516667260065,
    5.78046456972758,
    5.859991987546285,
    8.836713863743675,
    3.2107079757584467,
    8.856322050094604,
    9.656216435962254,
    8.600365029440987,
    16.234151230918037,
    6.049651437335545,
    -0.5770971775054932,
    9.053788344065348,
    5.153664006127252,
    -0.19068050384521484,
    -0.6722607347700331,
    17.790411525302464,
    -5.5320018662346735,
    -4.701379908455743,
    -7.089581648508708,
    3.413109196556939,
    15.705150657229954,
    -4.729695267147488,
    6.173100047641331,
    -14.162527614169651,
    -18.87854682074653,
    0.04355812072753906,
    -4.031046761406793,
    3.02825657526652,
    -24.121134969923233,
    34.879564709133575,
    -5.642105791303846,
    -12.333785692850748,
    7.765991952684191,
    28.057458029852974,
    9.815000216166178,
    22.144524256388348,
    20.40528604719374,
    25.668097284105087,
    60.994309955173065,
    1.8634649912516277,
    -21.600892384847004,
    -7.932971636454265,
    -7.882589340209961,
    -1.8601731194390192,
    26.539372550116646,
    -2.375605159335666,
    21.719907336764866,
    -15.993032667371962,
    8.247954474555122
  ],
  "gp": [
    0.09056404283856628,
    0.18349231113852174,
    0.27505515577892464,
    0.19932539830053295,
    0.1792777659440482,
    0.13159289183008863,
    0.09719363526285936,
    0.09541712204615276,
    0.09190119044096381,
    0.0817829257575795,
    0.08438233631076636,
    0.07803066323200862,
    0.06363550777098646,
    0.051498298740221396,
    0.04734105373629265,
    0.0410583460168844,
    0.046918869466969264,
    0.052562324726885115,
    0.047120529520152894,
    0.04504007068290203,
    0.047784677137517266,
    0.04457287902564362,
    0.0413096711832892,
    0.04198031028068659,
    0.03848271008960351,
    0.04322188678714964,
    0.04638378598071911,
    0.03718558854975358,
    0.0421675242293902,
    0.03588150077740903,
    0.04659261972712422,
    0.04270997395980413,
    0.03583183123178228,
    0.05364616332506692,
    0.04982697064298446,
    0.04715583764913457,
    0.04204972281068978,
    0.04779021778247423,
    0.05078642606666243,
    0.05108862518574352,
    0.04787002232236167,
    0.0415208024593691,
    0.04091733469006916,
    0.0490451496379036,
    0.04245762080838041,
    0.0456233253719768,
    0.0478983937021069,
    0.039672298796681896,
    0.03938224148522648,
    0.03909480914094106
  ],
  "fid": [
    [
      10,
      381.6188567846492
    ],
    [
      20,
      184.46936705431233
    ],
    [
      30,
      215.99316395091537
    ],
    [
      40,
      209.70841488792462
    ],
    [
      50,
      226.78679888929707
    ]
  ],
  "epoch_time": [
    61.670263051986694,
    143.01040935516357,
    438.2857494354248,
    326.4086196422577,
    681.8030123710632,
    404.48211789131165,
    470.51844096183777,
    668.9796783924103,
    847.8989498615265,
    444.9088478088379,
    453.3140835762024,
    674.7160270214081,
    779.4809122085571,
    345.7073848247528,
    462.3978066444397,
    822.1056680679321,
    348.6786596775055,
    302.8050036430359,
    278.2757086753845,
    106.62695932388306,
    110.82794713973999,
    265.88595271110535,
    118.10423350334167,
    109.08382368087769,
    60.42951226234436,
    42.802807569503784,
    38.385722637176514,
    95.1821117401123,
    175.5170657634735,
    140.00690269470215,
    13.688104391098022,
    14.069775581359863,
    13.999925136566162,
    14.220265865325928,
    13.777620315551758,
    12.809001922607422,
    13.036653995513916,
    12.370029926300049,
    13.567797660827637,
    13.20834231376648,
    15.594552516937256,
    14.307076215744019,
    14.699852705001831,
    13.876112461090088,
    13.221579790115356,
    12.80143928527832,
    12.870736122131348,
    12.74620771408081,
    12.792309761047363,
    13.22983717918396
  ]
}