{
  "fid": 184.46936705431233,
  "is_mean": 1.6395480632781982,
  "is_std": 0.05698567256331444,
  "precision": 0.01,
  "recall": 0.0,
  "epoch": 20
}