{
  "fid": 381.6188567846492,
  "is_mean": 1.3613446950912476,
  "is_std": 0.0385391004383564,
  "precision": 0.0,
  "recall": 0.0,
  "epoch": 10
}