{
  "fid": 226.78679888929707,
  "is_mean": 1.6642850637435913,
  "is_std": 0.18803195655345917,
  "precision": 0.0,
  "recall": 0.0,
  "epoch": 50
}