{
  "fid": 215.99316395091537,
  "is_mean": 1.722046136856079,
  "is_std": 0.0671948790550232,
  "precision": 0.024,
  "recall": 0.0,
  "epoch": 30
}