{
  "fid": 209.70841488792462,
  "is_mean": 1.8008956909179688,
  "is_std": 0.20486243069171906,
  "precision": 0.014,
  "recall": 0.0,
  "epoch": 40
}