{
  "d_loss": [
    -9.10270105084926,
    -11.785695586722499,
    -13.844741797421815,
    -15.285937136862351,
    -18.84812634707259,
    -20.529217989300005,
    -22.148580884273315,
    -24.541029839596938,
    -23.699891042785524,
    -32.404612971951785,
    -30.026648379235475,
    -34.77306295253725,
    -28.323758105881296,
    -38.53985628660241,
    -47.5484912974385,
    -42.831663433101355,
    -46.61804010286626,
    -53.16021446793224,
    -52.28213738760375,
    -60.137492702411,
    -64.22922486847582,
    -63.19698776553868,
    -70.34383064133925,
    -61.22204458802399,
    -76.54505340156717,
    -71.49189723896396,
    -82.41237058172338,
    -81.82122594226028,
    -99.4891654272049,
    -91.50522697441622,
    -84.67877479533925,
    -99.1739445245558,
    -107.33770458792219,
    -106.86254294256305,
    -144.29640189273417,
    -138.46247812327994,
    -129.79690919795863,
    -157.90040483985084,
    -136.3793230617897,
    -154.86670528941008,
    -177.19680448792104,
    -146.7159190860927,
    -194.72413078537636,
    -210.97906563381036,
    -156.48209211442926,
    -171.2021064504394,
    -163.47835717338342,
    -176.9475742988566,
    -190.06759737551022,
    -253.5275968395737
  ],
  "g_loss": [
    -0.011859960925464813,
    1.975698527722313,
    0.8084304264178291,
    4.055307032582097,
    11.624801729433834,
    11.059165611053809,
    21.881884203932156,
    18.682859244057166,
    32.36575650407102,
    42.317186334262644,
    49.46142375202606,
    53.89089981968792,
    44.76787777373585,
    40.907183290670474,
    72.39521354760606,
    82.09892236691313,
    49.36968657764764,
    97.65090625507001,
    73.945134470638,
    100.86045376104288,
    115.92950899532428,
    165.91704810998692,
    178.94537204827745,
    183.4074788870522,
    124.11413316452465,
    112.28380713904627,
    112.0926507456234,
    44.66769327523228,
    144.7551864160897,
    114.52528989505463,
    95.20773266679562,
    158.74484447930186,
    112.8652273793571,
    182.86096138999866,
    273.8946392315264,
    292.792984764416,
    307.4981376111698,
    229.034090231021,
    237.0770307059486,
    409.7511901611718,
    453.57777200034633,
    403.89073997716935,
    412.0600279542966,
    288.52284767224006,
    452.26116684983714,
    469.27945255852353,
    454.07654447220386,
    349.98690625273,
    453.9972093966061,
    535.579903112052
  ],
  "gp": [
    0.1174213275039634,
    0.16504516959571228,
    0.19751816319898802,
    0.21659178320909586,
    0.22726546807157091,
    0.23670779305080764,
    0.24080122542330507,
    0.2459446823698517,
    0.2481619401480824,
    0.23958267469883474,
    0.24817878918779798,
    0.2500624791247903,
    0.25089216424316896,
    0.24578547572937257,
    0.23980366050625762,
    0.24723800409811372,
    0.2430338180357148,
    0.24524205473982616,
    0.2464404608637761,
    0.24406032946607428,
    0.24213388205145875,
    0.24226226686986999,
    0.23918168504620257,
    0.24417292809905336,
    0.24376448776267462,
    0.24260361925862467,
    0.23981386740494587,
    0.24215059555249727,
    0.2385423150433265,
    0.23928289275707657,
    0.24240089603823722,
    0.23643795757121044,
    0.23668728983059478,
    0.23465208587047265,
    0.231808292694366,
    0.23688360221914082,
    0.23536689327960325,
    0.23211029717843498,
    0.24051936180256425,
    0.23350223948082097,
    0.2284555492785792,
    0.23350545321219265,
    0.2283869525685478,
    0.23048243773218416,
    0.23243172549274657,
    0.22710793447126343,
    0.2319558103181049,
    0.23056376918245808,
    0.22944748711884339,
    0.22643011691756904
  ],
  "fid": [
    [
      10,
      201.0373576701873
    ],
    [
      20,
      173.4565889053656
    ],
    [
      30,
      138.2828846383867
    ],
    [
      40,
      155.3464694244225
    ],
    [
      50,
      163.39218221912864
    ]
  ],
  "epoch_time": [
    379.08447647094727,
    380.0206506252289,
    379.84884095191956,
    384.07563972473145,
    381.8824453353882,
    401.4493806362152,
    384.0174753665924,
    387.4073028564453,
    400.9419300556183,
    384.35543298721313,
    379.7749903202057,
    378.0632064342499,
    378.9095149040222,
    380.9829466342926,
    383.450564622879,
    392.0029764175415,
    411.1750581264496,
    381.37959361076355,
    391.2640697956085,
    389.63745284080505,
    380.08915877342224,
    380.2029678821564,
    379.56343817710876,
    379.60299348831177,
    379.32543540000916,
    391.005175113678,
    402.3924856185913,
    381.9191584587097,
    387.86434674263,
    386.52824878692627,
    379.864461183548,
    395.1614968776703,
    381.7237410545349,
    386.5990891456604,
    381.0823760032654,
    380.94119095802307,
    380.6121435165405,
    379.69337272644043,
    378.46301341056824,
    378.5997087955475,
    382.6084988117218,
    386.8701548576355,
    380.69138979911804,
    380.6300492286682,
    395.4069941043854,
    383.50309228897095,
    382.5138244628906,
    381.75262665748596,
    380.17826867103577,
    381.9496645927429
  ]
}