{
  "fid": 163.39218221912864,
  "is_mean": 2.880722999572754,
  "is_std": 0.08138087391853333,
  "precision": 0.0075,
  "recall": 0.101,
  "epoch": 50
}