{
  "fid": 201.0373576701873,
  "is_mean": 2.4757907390594482,
  "is_std": 0.09005124866962433,
  "precision": 0.0165,
  "recall": 0.0,
  "epoch": 10
}