{
  "fid": 138.2828846383867,
  "is_mean": 3.121460437774658,
  "is_std": 0.11540399491786957,
  "precision": 0.021,
  "recall": 0.0125,
  "epoch": 30
}