{
  "fid": 155.3464694244225,
  "is_mean": 2.8398489952087402,
  "is_std": 0.13706675171852112,
  "precision": 0.0095,
  "recall": 0.012,
  "epoch": 40
}