{
  "fid": 173.4565889053656,
  "is_mean": 3.178696632385254,
  "is_std": 0.22153858840465546,
  "precision": 0.016,
  "recall": 0.0025,
  "epoch": 20
}