{
  "d_loss": [
    0.47442206409242416,
    0.059242413793173104,
    0.004954927557803414,
    0.004290208354143909,
    0.000557134987266855,
    0.11794891486082364,
    0.00340518852074941,
    0.005982658817191367,
    0.0006774974247457942,
    0.0001944086495010803,
    5.3881000187377343e-05,
    0.04124874715839892,
    0.0021787458864747787,
    0.0004695960603755709,
    8.118250702359041e-05,
    1.8538779546293813e-05,
    6.739833123800862e-06,
    0.00020213471388838452,
    0.07207617607006493,
    0.08253746615998724,
    0.006713011879818859,
    0.18999416228918428,
    0.051737920704504684,
    0.011321506208602202,
    0.31162276595003074,
    0.11863669864315954,
    0.34549296288578596,
    0.29378122010233776,
    0.17494736463521365,
    0.3278101118910989,
    0.23231870605593063,
    0.20416437774137766,
    0.3097493316616035,
    0.4556461845818881,
    0.18473903384680548,
    0.21535969126529786,
    0.17224363578673177,
    0.41067523294757985,
    0.29036243385376614,
    0.3747525979609539,
    0.10805789096048102,
    0.136710746425066,
    0.17454656317675943,
    0.09333386669351496,
    0.28057064892534445,
    0.1788748953118489,
    0.30939699903683504,
    0.4170170246016588,
    0.13841713536034891,
    0.38048644084213906
  ],
  "g_loss": [
    2.459852615992228,
    4.897211048338148,
    6.682309998406304,
    8.056303766038683,
    9.666195657518175,
    6.056637710995144,
    7.468270831637913,
    8.37441677517361,
    9.170304404364693,
    10.03860346476237,
    11.535498831007216,
    10.451027446322971,
    8.70447333653768,
    9.606965276930067,
    11.935469415452745,
    12.47342840830485,
    14.220900217692057,
    15.345975769890678,
    10.74100653330485,
    7.168964333004421,
    7.953806029425727,
    8.497557216220432,
    8.178682804107666,
    7.069007449679905,
    6.79043271806505,
    7.17138049337599,
    7.067276133431329,
    5.608872572580974,
    7.8162844975789385,
    6.119979116651747,
    8.276855866114298,
    6.2358727720048694,
    7.524732245339288,
    7.080785777833727,
    6.656730598873562,
    5.993580003579457,
    7.346091050240728,
    6.383340835571289,
    6.982830736372206,
    4.620997779899174,
    7.364562431971232,
    9.85048739115397,
    6.979577753278944,
    6.375840981801351,
    9.405436144934761,
    6.609071095784505,
    5.326514773898655,
    8.248000303904215,
    6.2656821674770775,
    7.8192409417695465
  ],
  "fid": [
    [
      10,
      476.8808659845447
    ],
    [
      20,
      341.0141774883074
    ],
    [
      30,
      197.28618660198367
    ],
    [
      40,
      208.60336926552958
    ],
    [
      50,
      170.460224879107
    ]
  ],
  "epoch_time": [
    5.097823619842529,
    1.8967454433441162,
    2.0041162967681885,
    1.9079360961914062,
    2.087783098220825,
    2.3034677505493164,
    1.5853681564331055,
    1.2226014137268066,
    1.4999547004699707,
    1.6788866519927979,
    2.610227108001709,
    1.802328109741211,
    1.413039207458496,
    1.6842601299285889,
    1.3930790424346924,
    1.2945032119750977,
    1.4261257648468018,
    1.2973296642303467,
    1.997443675994873,
    2.204012393951416,
    1.7029919624328613,
    1.894282579421997,
    1.4997448921203613,
    1.8056354522705078,
    1.4913110733032227,
    1.4028327465057373,
    1.5004808902740479,
    1.2153923511505127,
    1.581350564956665,
    1.693784475326538,
    1.8124420642852783,
    1.2943909168243408,
    2.197700262069702,
    1.4853880405426025,
    1.5156691074371338,
    1.4990477561950684,
    1.4991655349731445,
    1.7042477130889893,
    1.793834924697876,
    1.5879647731781006,
    2.0031251907348633,
    1.6015944480895996,
    1.8133752346038818,
    2.497983455657959,
    2.09208345413208,
    1.8019282817840576,
    2.2885310649871826,
    1.9106066226959229,
    1.391143798828125,
    1.5222773551940918
  ]
}