{
  "fid": 341.0141774883074,
  "is_mean": 1.279476523399353,
  "is_std": 0.029963446781039238,
  "precision": 0.0,
  "recall": 0.0,
  "epoch": 20
}