{
  "fid": 476.8808659845447,
  "is_mean": 1.2357546091079712,
  "is_std": 0.020072562620043755,
  "precision": 0.0,
  "recall": 0.0,
  "epoch": 10
}