{
  "fid": 170.460224879107,
  "is_mean": 1.5725042819976807,
  "is_std": 0.07333894073963165,
  "precision": 0.026,
  "recall": 0.0,
  "epoch": 50
}