{
  "fid": 197.28618660198367,
  "is_mean": 1.8524112701416016,
  "is_std": 0.1040472686290741,
  "precision": 0.002,
  "recall": 0.0,
  "epoch": 30
}