{
  "fid": 208.60336926552958,
  "is_mean": 1.904380202293396,
  "is_std": 0.1025080755352974,
  "precision": 0.002,
  "recall": 0.0,
  "epoch": 40
}