{
  "d_loss": [
    -14.888211252512756,
    -25.49206581822148,
    -28.028272911354346,
    -34.05472660064697,
    -35.7245623977096,
    -39.8915201999523,
    -44.20955679151747,
    -38.28544786241319,
    -50.42446094972116,
    -56.511350104102384,
    -63.536905182732475,
    -65.14941604049118,
    -63.70022934454459,
    -55.743432963335955,
    -82.47691378770051,
    -92.25054952391872,
    -102.77921412609241,
    -80.79644199653909,
    -105.27040932796619,
    -115.957600346318,
    -108.22048765641672,
    -110.90467566914029,
    -133.61501458839135,
    -132.1334260061935,
    -130.75814969396149,
    -138.84472945884423,
    -145.9452866393107,
    -159.58585403473288,
    -161.3744136404108,
    -172.7930414163404,
    -144.18655226903934,
    -184.94034468686138,
    -224.68991703457303,
    -211.4676927283958,
    -200.19690345282908,
    -231.8254845826714,
    -254.92360456784567,
    -267.45049639984416,
    -270.8538091988475,
    -234.4264292843916,
    -217.8506287270122,
    -304.5449971093072,
    -285.28062870422445,
    -330.07135150719574,
    -287.3481745455,
    -273.5715122443658,
    -344.820942134217,
    -336.6752925448948,
    -335.109093071134,
    -359.58372673502674
  ],
  "g_loss": [
    6.905201408598158,
    11.856215741899279,
    10.865582313802507,
    9.343460149235195,
    7.906678941514757,
    4.697185019652049,
    6.2821662823359175,
    4.076901793479919,
    3.639627390437656,
    4.78046973546346,
    7.893440246582031,
    8.17220335536533,
    11.2056245803833,
    13.138692087597317,
    17.095065381791855,
    -0.19891028934054905,
    -5.155671490563287,
    -1.3664391040802002,
    0.013952838049994575,
    11.634064012103611,
    19.54218398200141,
    16.744369321399265,
    17.209513028462727,
    4.441117816501194,
    -3.737997637854682,
    6.370865292019314,
    -32.72853978474935,
    3.313274277581109,
    -7.175169520907932,
    11.71156120300293,
    51.864936669667564,
    5.912064340379503,
    18.033774905734592,
    24.345155080159504,
    -2.5414173338148327,
    -30.3019953833686,
    -14.115826606750488,
    5.695206006368001,
    -26.026118808322483,
    26.416101879543728,
    4.915822558932835,
    22.582309193081326,
    27.55029148525662,
    47.41344526078966,
    57.11324246724447,
    8.782740063137478,
    -0.4305373297797309,
    -0.35193485683865017,
    -5.822954389784071,
    33.90421051449246
  ],
  "gp": [
    0.1268727723164139,
    0.29024000576248876,
    0.3686608658344657,
    0.2975029971588541,
    0.2657098662522104,
    0.23598379227850172,
    0.19856944086926956,
    0.18900923430919647,
    0.1498716379067412,
    0.07458753090489793,
    0.06529143028806343,
    0.0669411505675978,
    0.06290877562154222,
    0.07019872176978323,
    0.059706013925649504,
    0.060547050606045455,
    0.05775668085725219,
    0.06397783230231316,
    0.0653511780762562,
    0.061597328219148845,
    0.06362226257031714,
    0.05665442026737663,
    0.050096552456832595,
    0.05484468058717472,
    0.051150078816270386,
    0.06051608007746162,
    0.055921087972819805,
    0.05109941832617753,
    0.0568485036837282,
    0.047585627107225636,
    0.048749202308331234,
    0.05749168535004611,
    0.04235406739947697,
    0.047605586557269645,
    0.05120579507564361,
    0.046980958910555475,
    0.04841282331660666,
    0.049745241904424295,
    0.047456291383477275,
    0.05010332063668304,
    0.034826064879005705,
    0.04829266185320362,
    0.0518558435185157,
    0.0494186852765442,
    0.05161650701322489,
    0.040184526385187554,
    0.04910417634959298,
    0.041569559813339124,
    0.048098639102169764,
    0.053319441378806474
  ],
  "fid": [
    [
      10,
      313.86871072367785
    ],
    [
      20,
      302.21339560795843
    ],
    [
      30,
      210.52911986690054
    ],
    [
      40,
      269.56564828536716
    ],
    [
      50,
      237.69882834703108
    ]
  ],
  "epoch_time": [
    36.11217403411865,
    33.83901405334473,
    33.93641471862793,
    33.78054761886597,
    33.215434551239014,
    32.76822638511658,
    33.037659645080566,
    33.04871153831482,
    32.31703209877014,
    32.70729374885559,
    27.878210306167603,
    27.113001346588135,
    27.133763790130615,
    27.0732524394989,
    27.237930059432983,
    27.087629079818726,
    27.17690420150757,
    27.04049038887024,
    27.171055555343628,
    27.05602216720581,
    27.159744024276733,
    27.004829168319702,
    27.167276859283447,
    27.018651247024536,
    27.27015256881714,
    27.03589963912964,
    27.178555965423584,
    27.34843611717224,
    27.129079818725586,
    27.453696250915527,
    33.19355583190918,
    30.662291526794434,
    27.73902916908264,
    27.143630027770996,
    27.431440591812134,
    27.301239013671875,
    27.344552040100098,
    27.14919638633728,
    27.014217615127563,
    29.938318014144897,
    27.04212784767151,
    27.232633352279663,
    27.18720531463623,
    27.05850315093994,
    27.250275373458862,
    27.065289735794067,
    32.83426117897034,
    28.206735610961914,
    27.007232189178467,
    27.465838193893433
  ]
}