{
  "fid": 313.86871072367785,
  "is_mean": 1.7628015279769897,
  "is_std": 0.027002790942788124,
  "precision": 0.0,
  "recall": 0.0,
  "epoch": 10
}