{
  "fid": 302.21339560795843,
  "is_mean": 1.666516661643982,
  "is_std": 0.026140285655856133,
  "precision": 0.0,
  "recall": 0.0,
  "epoch": 20
}