{
  "fid": 237.69882834703108,
  "is_mean": 1.7406622171401978,
  "is_std": 0.03246143460273743,
  "precision": 0.0345,
  "recall": 0.0,
  "epoch": 50
}