{
  "fid": 210.52911986690054,
  "is_mean": 1.5558968782424927,
  "is_std": 0.027600064873695374,
  "precision": 0.007,
  "recall": 0.0,
  "epoch": 30
}