{
  "fid": 269.56564828536716,
  "is_mean": 1.557940125465393,
  "is_std": 0.07571151852607727,
  "precision": 0.008,
  "recall": 0.0,
  "epoch": 40
}